file,line,type,commit,author,date,time,timezone,datetime,depth,length
style.css,1,css,3ae46442,kyradeng,2025-01-24,21:00:34,-08:00,2025-01-24T21:00:34-08:00,0,33
style.css,2,css,a06a9c90,kyradeng,2025-01-16,15:08:44,-08:00,2025-01-16T15:08:44-08:00,0,6
style.css,3,css,3ae46442,kyradeng,2025-01-24,21:00:34,-08:00,2025-01-24T21:00:34-08:00,0,19
style.css,4,css,3ae46442,kyradeng,2025-01-24,21:00:34,-08:00,2025-01-24T21:00:34-08:00,0,18
style.css,5,css,3ae46442,kyradeng,2025-01-24,21:00:34,-08:00,2025-01-24T21:00:34-08:00,0,23
style.css,6,css,3ae46442,kyradeng,2025-01-24,21:00:34,-08:00,2025-01-24T21:00:34-08:00,0,37
style.css,7,css,3ae46442,kyradeng,2025-01-24,21:00:34,-08:00,2025-01-24T21:00:34-08:00,0,21
style.css,8,css,3ae46442,kyradeng,2025-01-24,21:00:34,-08:00,2025-01-24T21:00:34-08:00,0,39
style.css,9,css,3ae46442,kyradeng,2025-01-24,21:00:34,-08:00,2025-01-24T21:00:34-08:00,0,38
style.css,10,css,3ae46442,kyradeng,2025-01-24,21:00:34,-08:00,2025-01-24T21:00:34-08:00,0,38
style.css,11,css,c49f1eab,kyradeng,2025-01-24,21:22:40,-08:00,2025-01-24T21:22:40-08:00,0,26
style.css,12,css,3ae46442,kyradeng,2025-01-24,21:00:34,-08:00,2025-01-24T21:00:34-08:00,0,25
style.css,13,css,3ae46442,kyradeng,2025-01-24,21:00:34,-08:00,2025-01-24T21:00:34-08:00,0,42
style.css,14,css,3ae46442,kyradeng,2025-01-24,21:00:34,-08:00,2025-01-24T21:00:34-08:00,0,37
style.css,15,css,3ae46442,kyradeng,2025-01-24,21:00:34,-08:00,2025-01-24T21:00:34-08:00,0,94
style.css,16,css,3ae46442,kyradeng,2025-01-24,21:00:34,-08:00,2025-01-24T21:00:34-08:00,0,38
style.css,17,css,3ae46442,kyradeng,2025-01-24,21:00:34,-08:00,2025-01-24T21:00:34-08:00,0,65
style.css,18,css,3ae46442,kyradeng,2025-01-24,21:00:34,-08:00,2025-01-24T21:00:34-08:00,0,0
style.css,19,css,3ae46442,kyradeng,2025-01-24,21:00:34,-08:00,2025-01-24T21:00:34-08:00,0,0
style.css,20,css,3ae46442,kyradeng,2025-01-24,21:00:34,-08:00,2025-01-24T21:00:34-08:00,0,24
style.css,21,css,3ae46442,kyradeng,2025-01-24,21:00:34,-08:00,2025-01-24T21:00:34-08:00,0,27
style.css,22,css,3ae46442,kyradeng,2025-01-24,21:00:34,-08:00,2025-01-24T21:00:34-08:00,0,19
style.css,23,css,3ae46442,kyradeng,2025-01-24,21:00:34,-08:00,2025-01-24T21:00:34-08:00,0,19
style.css,24,css,3ae46442,kyradeng,2025-01-24,21:00:34,-08:00,2025-01-24T21:00:34-08:00,0,20
style.css,25,css,3ae46442,kyradeng,2025-01-24,21:00:34,-08:00,2025-01-24T21:00:34-08:00,0,44
style.css,26,css,3ae46442,kyradeng,2025-01-24,21:00:34,-08:00,2025-01-24T21:00:34-08:00,0,21
style.css,27,css,3ae46442,kyradeng,2025-01-24,21:00:34,-08:00,2025-01-24T21:00:34-08:00,0,25
style.css,28,css,3ae46442,kyradeng,2025-01-24,21:00:34,-08:00,2025-01-24T21:00:34-08:00,0,95
style.css,29,css,3ae46442,kyradeng,2025-01-24,21:00:34,-08:00,2025-01-24T21:00:34-08:00,0,26
style.css,30,css,c49f1eab,kyradeng,2025-01-24,21:22:40,-08:00,2025-01-24T21:22:40-08:00,0,28
style.css,31,css,3ae46442,kyradeng,2025-01-24,21:00:34,-08:00,2025-01-24T21:00:34-08:00,0,27
style.css,32,css,3ae46442,kyradeng,2025-01-24,21:00:34,-08:00,2025-01-24T21:00:34-08:00,0,48
style.css,33,css,3ae46442,kyradeng,2025-01-24,21:00:34,-08:00,2025-01-24T21:00:34-08:00,0,37
style.css,34,css,3ae46442,kyradeng,2025-01-24,21:00:34,-08:00,2025-01-24T21:00:34-08:00,0,38
style.css,35,css,3ae46442,kyradeng,2025-01-24,21:00:34,-08:00,2025-01-24T21:00:34-08:00,0,65
style.css,36,css,3ae46442,kyradeng,2025-01-24,21:00:34,-08:00,2025-01-24T21:00:34-08:00,0,0
style.css,37,css,3ae46442,kyradeng,2025-01-24,21:00:34,-08:00,2025-01-24T21:00:34-08:00,0,0
style.css,38,css,3ae46442,kyradeng,2025-01-24,21:00:34,-08:00,2025-01-24T21:00:34-08:00,0,20
style.css,39,css,a06a9c90,kyradeng,2025-01-16,15:08:44,-08:00,2025-01-16T15:08:44-08:00,0,5
style.css,40,css,3ae46442,kyradeng,2025-01-24,21:00:34,-08:00,2025-01-24T21:00:34-08:00,0,24
style.css,41,css,3ae46442,kyradeng,2025-01-24,21:00:34,-08:00,2025-01-24T21:00:34-08:00,0,16
style.css,42,css,3ae46442,kyradeng,2025-01-24,21:00:34,-08:00,2025-01-24T21:00:34-08:00,0,19
style.css,43,css,3ae46442,kyradeng,2025-01-24,21:00:34,-08:00,2025-01-24T21:00:34-08:00,0,15
style.css,44,css,3ae46442,kyradeng,2025-01-24,21:00:34,-08:00,2025-01-24T21:00:34-08:00,0,33
style.css,45,css,3ae46442,kyradeng,2025-01-24,21:00:34,-08:00,2025-01-24T21:00:34-08:00,0,33
style.css,46,css,3ae46442,kyradeng,2025-01-24,21:00:34,-08:00,2025-01-24T21:00:34-08:00,0,24
style.css,47,css,a06a9c90,kyradeng,2025-01-16,15:08:44,-08:00,2025-01-16T15:08:44-08:00,0,0
style.css,48,css,179a24ee,kyradeng,2025-01-16,00:17:12,-08:00,2025-01-16T00:17:12-08:00,0,0
style.css,49,css,3ae46442,kyradeng,2025-01-24,21:00:34,-08:00,2025-01-24T21:00:34-08:00,0,15
style.css,50,css,a06a9c90,kyradeng,2025-01-16,15:08:44,-08:00,2025-01-16T15:08:44-08:00,0,4
style.css,51,css,3ae46442,kyradeng,2025-01-24,21:00:34,-08:00,2025-01-24T21:00:34-08:00,0,13
style.css,52,css,3ae46442,kyradeng,2025-01-24,21:00:34,-08:00,2025-01-24T21:00:34-08:00,0,29
style.css,53,css,3ae46442,kyradeng,2025-01-24,21:00:34,-08:00,2025-01-24T21:00:34-08:00,0,19
style.css,54,css,3ae46442,kyradeng,2025-01-24,21:00:34,-08:00,2025-01-24T21:00:34-08:00,0,37
style.css,55,css,3ae46442,kyradeng,2025-01-24,21:00:34,-08:00,2025-01-24T21:00:34-08:00,0,20
style.css,56,css,3ae46442,kyradeng,2025-01-24,21:00:34,-08:00,2025-01-24T21:00:34-08:00,0,19
style.css,57,css,3ae46442,kyradeng,2025-01-24,21:00:34,-08:00,2025-01-24T21:00:34-08:00,0,48
style.css,58,css,ff1f5cf6,kyradeng,2025-01-16,15:00:11,-08:00,2025-01-16T15:00:11-08:00,0,0
style.css,59,css,ff1f5cf6,kyradeng,2025-01-16,15:00:11,-08:00,2025-01-16T15:00:11-08:00,0,0
style.css,60,css,3ae46442,kyradeng,2025-01-24,21:00:34,-08:00,2025-01-24T21:00:34-08:00,0,6
style.css,61,css,179a24ee,kyradeng,2025-01-16,00:17:12,-08:00,2025-01-16T00:17:12-08:00,0,7
style.css,62,css,3ae46442,kyradeng,2025-01-24,21:00:34,-08:00,2025-01-24T21:00:34-08:00,0,17
style.css,63,css,179a24ee,kyradeng,2025-01-16,00:17:12,-08:00,2025-01-16T00:17:12-08:00,0,0
style.css,64,css,179a24ee,kyradeng,2025-01-16,00:17:12,-08:00,2025-01-16T00:17:12-08:00,0,0
style.css,65,css,179a24ee,kyradeng,2025-01-16,00:17:12,-08:00,2025-01-16T00:17:12-08:00,0,6
style.css,66,css,3ae46442,kyradeng,2025-01-24,21:00:34,-08:00,2025-01-24T21:00:34-08:00,0,21
style.css,67,css,3ae46442,kyradeng,2025-01-24,21:00:34,-08:00,2025-01-24T21:00:34-08:00,0,24
style.css,68,css,3ae46442,kyradeng,2025-01-24,21:00:34,-08:00,2025-01-24T21:00:34-08:00,0,14
style.css,69,css,3ae46442,kyradeng,2025-01-24,21:00:34,-08:00,2025-01-24T21:00:34-08:00,0,18
style.css,70,css,3ae46442,kyradeng,2025-01-24,21:00:34,-08:00,2025-01-24T21:00:34-08:00,0,7
style.css,71,css,3ae46442,kyradeng,2025-01-24,21:00:34,-08:00,2025-01-24T21:00:34-08:00,0,32
style.css,72,css,92f5f07f,kyradeng,2025-01-16,13:58:44,-08:00,2025-01-16T13:58:44-08:00,0,0
style.css,73,css,92f5f07f,kyradeng,2025-01-16,13:58:44,-08:00,2025-01-16T13:58:44-08:00,0,0
style.css,74,css,179a24ee,kyradeng,2025-01-16,00:17:12,-08:00,2025-01-16T00:17:12-08:00,0,12
style.css,75,css,3ae46442,kyradeng,2025-01-24,21:00:34,-08:00,2025-01-24T21:00:34-08:00,0,30
style.css,76,css,3ae46442,kyradeng,2025-01-24,21:00:34,-08:00,2025-01-24T21:00:34-08:00,0,44
style.css,77,css,3ae46442,kyradeng,2025-01-24,21:00:34,-08:00,2025-01-24T21:00:34-08:00,0,46
style.css,78,css,3ae46442,kyradeng,2025-01-24,21:00:34,-08:00,2025-01-24T21:00:34-08:00,0,20
style.css,79,css,3ae46442,kyradeng,2025-01-24,21:00:34,-08:00,2025-01-24T21:00:34-08:00,0,21
style.css,80,css,ff1f5cf6,kyradeng,2025-01-16,15:00:11,-08:00,2025-01-16T15:00:11-08:00,0,0
style.css,81,css,ff1f5cf6,kyradeng,2025-01-16,15:00:11,-08:00,2025-01-16T15:00:11-08:00,0,0
style.css,82,css,ff1f5cf6,kyradeng,2025-01-16,15:00:11,-08:00,2025-01-16T15:00:11-08:00,0,14
style.css,83,css,3ae46442,kyradeng,2025-01-24,21:00:34,-08:00,2025-01-24T21:00:34-08:00,0,17
style.css,84,css,3ae46442,kyradeng,2025-01-24,21:00:34,-08:00,2025-01-24T21:00:34-08:00,0,26
style.css,85,css,3ae46442,kyradeng,2025-01-24,21:00:34,-08:00,2025-01-24T21:00:34-08:00,0,46
style.css,86,css,3ae46442,kyradeng,2025-01-24,21:00:34,-08:00,2025-01-24T21:00:34-08:00,0,35
style.css,87,css,773b30a1,kyradeng,2025-01-16,18:52:18,-08:00,2025-01-16T18:52:18-08:00,0,0
style.css,88,css,773b30a1,kyradeng,2025-01-16,18:52:18,-08:00,2025-01-16T18:52:18-08:00,0,0
style.css,89,css,3ae46442,kyradeng,2025-01-24,21:00:34,-08:00,2025-01-24T21:00:34-08:00,0,10
style.css,90,css,773b30a1,kyradeng,2025-01-16,18:52:18,-08:00,2025-01-16T18:52:18-08:00,0,5
style.css,91,css,3ae46442,kyradeng,2025-01-24,21:00:34,-08:00,2025-01-24T21:00:34-08:00,0,13
style.css,92,css,3ae46442,kyradeng,2025-01-24,21:00:34,-08:00,2025-01-24T21:00:34-08:00,0,31
style.css,93,css,3ae46442,kyradeng,2025-01-24,21:00:34,-08:00,2025-01-24T21:00:34-08:00,0,8
style.css,94,css,773b30a1,kyradeng,2025-01-16,18:52:18,-08:00,2025-01-16T18:52:18-08:00,0,16
style.css,95,css,773b30a1,kyradeng,2025-01-16,18:52:18,-08:00,2025-01-16T18:52:18-08:00,0,14
style.css,96,css,773b30a1,kyradeng,2025-01-16,18:52:18,-08:00,2025-01-16T18:52:18-08:00,0,0
style.css,97,css,773b30a1,kyradeng,2025-01-16,18:52:18,-08:00,2025-01-16T18:52:18-08:00,0,0
style.css,98,css,773b30a1,kyradeng,2025-01-16,18:52:18,-08:00,2025-01-16T18:52:18-08:00,0,11
style.css,99,css,3ae46442,kyradeng,2025-01-24,21:00:34,-08:00,2025-01-24T21:00:34-08:00,0,13
style.css,100,css,3ae46442,kyradeng,2025-01-24,21:00:34,-08:00,2025-01-24T21:00:34-08:00,0,30
style.css,101,css,3ae46442,kyradeng,2025-01-24,21:00:34,-08:00,2025-01-24T21:00:34-08:00,0,19
style.css,102,css,773b30a1,kyradeng,2025-01-16,18:52:18,-08:00,2025-01-16T18:52:18-08:00,0,17
style.css,103,css,3ae46442,kyradeng,2025-01-24,21:00:34,-08:00,2025-01-24T21:00:34-08:00,0,19
style.css,104,css,773b30a1,kyradeng,2025-01-16,18:52:18,-08:00,2025-01-16T18:52:18-08:00,0,0
style.css,105,css,773b30a1,kyradeng,2025-01-16,18:52:18,-08:00,2025-01-16T18:52:18-08:00,0,0
style.css,106,css,773b30a1,kyradeng,2025-01-16,18:52:18,-08:00,2025-01-16T18:52:18-08:00,0,24
style.css,107,css,773b30a1,kyradeng,2025-01-16,18:52:18,-08:00,2025-01-16T18:52:18-08:00,0,23
style.css,108,css,773b30a1,kyradeng,2025-01-16,18:52:18,-08:00,2025-01-16T18:52:18-08:00,0,14
style.css,109,css,3ae46442,kyradeng,2025-01-24,21:00:34,-08:00,2025-01-24T21:00:34-08:00,0,14
style.css,110,css,3ae46442,kyradeng,2025-01-24,21:00:34,-08:00,2025-01-24T21:00:34-08:00,0,11
style.css,111,css,3ae46442,kyradeng,2025-01-24,21:00:34,-08:00,2025-01-24T21:00:34-08:00,0,22
style.css,112,css,3ae46442,kyradeng,2025-01-24,21:00:34,-08:00,2025-01-24T21:00:34-08:00,0,19
style.css,113,css,3ae46442,kyradeng,2025-01-24,21:00:34,-08:00,2025-01-24T21:00:34-08:00,0,14
style.css,114,css,3ae46442,kyradeng,2025-01-24,21:00:34,-08:00,2025-01-24T21:00:34-08:00,0,13
style.css,115,css,773b30a1,kyradeng,2025-01-16,18:52:18,-08:00,2025-01-16T18:52:18-08:00,0,0
style.css,116,css,773b30a1,kyradeng,2025-01-16,18:52:18,-08:00,2025-01-16T18:52:18-08:00,0,0
style.css,117,css,773b30a1,kyradeng,2025-01-16,18:52:18,-08:00,2025-01-16T18:52:18-08:00,0,14
style.css,118,css,3ae46442,kyradeng,2025-01-24,21:00:34,-08:00,2025-01-24T21:00:34-08:00,0,16
style.css,119,css,773b30a1,kyradeng,2025-01-16,18:52:18,-08:00,2025-01-16T18:52:18-08:00,0,0
style.css,120,css,773b30a1,kyradeng,2025-01-16,18:52:18,-08:00,2025-01-16T18:52:18-08:00,0,0
style.css,121,css,773b30a1,kyradeng,2025-01-16,18:52:18,-08:00,2025-01-16T18:52:18-08:00,0,12
style.css,122,css,773b30a1,kyradeng,2025-01-16,18:52:18,-08:00,2025-01-16T18:52:18-08:00,0,14
style.css,123,css,3ae46442,kyradeng,2025-01-24,21:00:34,-08:00,2025-01-24T21:00:34-08:00,0,11
style.css,124,css,773b30a1,kyradeng,2025-01-16,18:52:18,-08:00,2025-01-16T18:52:18-08:00,0,22
style.css,125,css,773b30a1,kyradeng,2025-01-16,18:52:18,-08:00,2025-01-16T18:52:18-08:00,0,19
style.css,126,css,773b30a1,kyradeng,2025-01-16,18:52:18,-08:00,2025-01-16T18:52:18-08:00,0,15
style.css,127,css,773b30a1,kyradeng,2025-01-16,18:52:18,-08:00,2025-01-16T18:52:18-08:00,0,13
style.css,128,css,3ae46442,kyradeng,2025-01-24,21:00:34,-08:00,2025-01-24T21:00:34-08:00,0,40
style.css,129,css,773b30a1,kyradeng,2025-01-16,18:52:18,-08:00,2025-01-16T18:52:18-08:00,0,11
style.css,130,css,773b30a1,kyradeng,2025-01-16,18:52:18,-08:00,2025-01-16T18:52:18-08:00,0,12
style.css,131,css,773b30a1,kyradeng,2025-01-16,18:52:18,-08:00,2025-01-16T18:52:18-08:00,0,20
style.css,132,css,773b30a1,kyradeng,2025-01-16,18:52:18,-08:00,2025-01-16T18:52:18-08:00,0,15
style.css,133,css,a5818552,kyradeng,2025-01-16,20:41:59,-08:00,2025-01-16T20:41:59-08:00,0,19
style.css,134,css,773b30a1,kyradeng,2025-01-16,18:52:18,-08:00,2025-01-16T18:52:18-08:00,0,0
style.css,135,css,773b30a1,kyradeng,2025-01-16,18:52:18,-08:00,2025-01-16T18:52:18-08:00,0,0
style.css,136,css,773b30a1,kyradeng,2025-01-16,18:52:18,-08:00,2025-01-16T18:52:18-08:00,0,18
style.css,137,css,3ae46442,kyradeng,2025-01-24,21:00:34,-08:00,2025-01-24T21:00:34-08:00,0,46
style.css,138,css,f5ae88d0,kyradeng,2025-01-16,20:49:59,-08:00,2025-01-16T20:49:59-08:00,0,0
style.css,139,css,f5ae88d0,kyradeng,2025-01-16,20:49:59,-08:00,2025-01-16T20:49:59-08:00,0,0
style.css,140,css,3ae46442,kyradeng,2025-01-24,21:00:34,-08:00,2025-01-24T21:00:34-08:00,0,13
style.css,141,css,f5ae88d0,kyradeng,2025-01-16,20:49:59,-08:00,2025-01-16T20:49:59-08:00,0,10
style.css,142,css,3ae46442,kyradeng,2025-01-24,21:00:34,-08:00,2025-01-24T21:00:34-08:00,0,13
style.css,143,css,3ae46442,kyradeng,2025-01-24,21:00:34,-08:00,2025-01-24T21:00:34-08:00,0,59
style.css,144,css,3ae46442,kyradeng,2025-01-24,21:00:34,-08:00,2025-01-24T21:00:34-08:00,0,10
style.css,145,css,86b167ed,kyradeng,2025-01-16,20:53:50,-08:00,2025-01-16T20:53:50-08:00,0,0
style.css,146,css,1bef8119,kyradeng,2025-01-16,20:59:23,-08:00,2025-01-16T20:59:23-08:00,0,0
style.css,147,css,86b167ed,kyradeng,2025-01-16,20:53:50,-08:00,2025-01-16T20:53:50-08:00,0,18
style.css,148,css,9575e6f8,kyradeng,2025-01-30,22:09:14,-08:00,2025-01-30T22:09:14-08:00,0,13
style.css,149,css,9575e6f8,kyradeng,2025-01-30,22:09:14,-08:00,2025-01-30T22:09:14-08:00,0,22
style.css,150,css,9575e6f8,kyradeng,2025-01-30,22:09:14,-08:00,2025-01-30T22:09:14-08:00,0,19
style.css,151,css,9575e6f8,kyradeng,2025-01-30,22:09:14,-08:00,2025-01-30T22:09:14-08:00,0,18
style.css,152,css,3ae46442,kyradeng,2025-01-24,21:00:34,-08:00,2025-01-24T21:00:34-08:00,0,41
style.css,153,css,3ae46442,kyradeng,2025-01-24,21:00:34,-08:00,2025-01-24T21:00:34-08:00,0,13
style.css,154,css,3ae46442,kyradeng,2025-01-24,21:00:34,-08:00,2025-01-24T21:00:34-08:00,0,21
style.css,155,css,3ae46442,kyradeng,2025-01-24,21:00:34,-08:00,2025-01-24T21:00:34-08:00,0,49
style.css,156,css,86b167ed,kyradeng,2025-01-16,20:53:50,-08:00,2025-01-16T20:53:50-08:00,0,0
style.css,157,css,86b167ed,kyradeng,2025-01-16,20:53:50,-08:00,2025-01-16T20:53:50-08:00,0,0
style.css,158,css,1bef8119,kyradeng,2025-01-16,20:59:23,-08:00,2025-01-16T20:59:23-08:00,0,22
style.css,159,css,9575e6f8,kyradeng,2025-01-30,22:09:14,-08:00,2025-01-30T22:09:14-08:00,0,55
style.css,160,css,3ae46442,kyradeng,2025-01-24,21:00:34,-08:00,2025-01-24T21:00:34-08:00,0,12
style.css,161,css,3ae46442,kyradeng,2025-01-24,21:00:34,-08:00,2025-01-24T21:00:34-08:00,0,21
style.css,162,css,b89394ea,kyradeng,2025-01-16,21:33:00,-08:00,2025-01-16T21:33:00-08:00,0,0
style.css,163,css,b89394ea,kyradeng,2025-01-16,21:33:00,-08:00,2025-01-16T21:33:00-08:00,0,0
style.css,164,css,9575e6f8,kyradeng,2025-01-30,22:09:14,-08:00,2025-01-30T22:09:14-08:00,0,20
style.css,165,css,9575e6f8,kyradeng,2025-01-30,22:09:14,-08:00,2025-01-30T22:09:14-08:00,0,20
style.css,166,css,9575e6f8,kyradeng,2025-01-30,22:09:14,-08:00,2025-01-30T22:09:14-08:00,0,58
style.css,167,css,9575e6f8,kyradeng,2025-01-30,22:09:14,-08:00,2025-01-30T22:09:14-08:00,0,0
style.css,168,css,9575e6f8,kyradeng,2025-01-30,22:09:14,-08:00,2025-01-30T22:09:14-08:00,0,0
style.css,169,css,3ae46442,kyradeng,2025-01-24,21:00:34,-08:00,2025-01-24T21:00:34-08:00,0,12
style.css,170,css,7e003656,kyradeng,2025-01-16,21:20:00,-08:00,2025-01-16T21:20:00-08:00,0,7
style.css,171,css,7e003656,kyradeng,2025-01-16,21:20:00,-08:00,2025-01-16T21:20:00-08:00,0,18
style.css,172,css,3ae46442,kyradeng,2025-01-24,21:00:34,-08:00,2025-01-24T21:00:34-08:00,0,40
style.css,173,css,7e003656,kyradeng,2025-01-16,21:20:00,-08:00,2025-01-16T21:20:00-08:00,0,12
style.css,174,css,3ae46442,kyradeng,2025-01-24,21:00:34,-08:00,2025-01-24T21:00:34-08:00,0,15
style.css,175,css,7e003656,kyradeng,2025-01-16,21:20:00,-08:00,2025-01-16T21:20:00-08:00,0,0
style.css,176,css,7e003656,kyradeng,2025-01-16,21:20:00,-08:00,2025-01-16T21:20:00-08:00,0,0
style.css,177,css,7e003656,kyradeng,2025-01-16,21:20:00,-08:00,2025-01-16T21:20:00-08:00,0,10
style.css,178,css,3ae46442,kyradeng,2025-01-24,21:00:34,-08:00,2025-01-24T21:00:34-08:00,0,17
style.css,179,css,3ae46442,kyradeng,2025-01-24,21:00:34,-08:00,2025-01-24T21:00:34-08:00,0,9
style.css,180,css,7e003656,kyradeng,2025-01-16,21:20:00,-08:00,2025-01-16T21:20:00-08:00,0,0
style.css,181,css,7e003656,kyradeng,2025-01-16,21:20:00,-08:00,2025-01-16T21:20:00-08:00,0,0
style.css,182,css,7e003656,kyradeng,2025-01-16,21:20:00,-08:00,2025-01-16T21:20:00-08:00,0,9
style.css,183,css,3ae46442,kyradeng,2025-01-24,21:00:34,-08:00,2025-01-24T21:00:34-08:00,0,17
style.css,184,css,3ae46442,kyradeng,2025-01-24,21:00:34,-08:00,2025-01-24T21:00:34-08:00,0,18
style.css,185,css,7e003656,kyradeng,2025-01-16,21:20:00,-08:00,2025-01-16T21:20:00-08:00,0,0
style.css,186,css,7e003656,kyradeng,2025-01-16,21:20:00,-08:00,2025-01-16T21:20:00-08:00,0,0
style.css,187,css,7e003656,kyradeng,2025-01-16,21:20:00,-08:00,2025-01-16T21:20:00-08:00,0,9
style.css,188,css,7e003656,kyradeng,2025-01-16,21:20:00,-08:00,2025-01-16T21:20:00-08:00,0,12
style.css,189,css,7e003656,kyradeng,2025-01-16,21:20:00,-08:00,2025-01-16T21:20:00-08:00,0,21
style.css,190,css,7e003656,kyradeng,2025-01-16,21:20:00,-08:00,2025-01-16T21:20:00-08:00,0,16
style.css,191,css,7e003656,kyradeng,2025-01-16,21:20:00,-08:00,2025-01-16T21:20:00-08:00,0,17
style.css,192,css,7e003656,kyradeng,2025-01-16,21:20:00,-08:00,2025-01-16T21:20:00-08:00,0,0
style.css,193,css,7e003656,kyradeng,2025-01-16,21:20:00,-08:00,2025-01-16T21:20:00-08:00,0,0
style.css,194,css,7e003656,kyradeng,2025-01-16,21:20:00,-08:00,2025-01-16T21:20:00-08:00,0,15
style.css,195,css,7e003656,kyradeng,2025-01-16,21:20:00,-08:00,2025-01-16T21:20:00-08:00,0,26
style.css,196,css,7e003656,kyradeng,2025-01-16,21:20:00,-08:00,2025-01-16T21:20:00-08:00,0,0
style.css,197,css,7e003656,kyradeng,2025-01-16,21:20:00,-08:00,2025-01-16T21:20:00-08:00,0,0
style.css,198,css,c49f1eab,kyradeng,2025-01-24,21:22:40,-08:00,2025-01-24T21:22:40-08:00,0,25
style.css,199,css,c49f1eab,kyradeng,2025-01-24,21:22:40,-08:00,2025-01-24T21:22:40-08:00,0,10
style.css,200,css,c49f1eab,kyradeng,2025-01-24,21:22:40,-08:00,2025-01-24T21:22:40-08:00,0,17
style.css,201,css,c49f1eab,kyradeng,2025-01-24,21:22:40,-08:00,2025-01-24T21:22:40-08:00,0,24
style.css,202,css,c49f1eab,kyradeng,2025-01-24,21:22:40,-08:00,2025-01-24T21:22:40-08:00,0,0
style.css,203,css,c49f1eab,kyradeng,2025-01-24,21:22:40,-08:00,2025-01-24T21:22:40-08:00,0,0
style.css,204,css,c49f1eab,kyradeng,2025-01-24,21:22:40,-08:00,2025-01-24T21:22:40-08:00,0,10
style.css,205,css,c49f1eab,kyradeng,2025-01-24,21:22:40,-08:00,2025-01-24T21:22:40-08:00,0,10
style.css,206,css,c49f1eab,kyradeng,2025-01-24,21:22:40,-08:00,2025-01-24T21:22:40-08:00,0,10
style.css,207,css,c49f1eab,kyradeng,2025-01-24,21:22:40,-08:00,2025-01-24T21:22:40-08:00,0,10
style.css,208,css,c49f1eab,kyradeng,2025-01-24,21:22:40,-08:00,2025-01-24T21:22:40-08:00,0,10
style.css,209,css,c49f1eab,kyradeng,2025-01-24,21:22:40,-08:00,2025-01-24T21:22:40-08:00,0,11
style.css,210,css,c49f1eab,kyradeng,2025-01-24,21:22:40,-08:00,2025-01-24T21:22:40-08:00,0,24
style.css,211,css,c49f1eab,kyradeng,2025-01-24,21:22:40,-08:00,2025-01-24T21:22:40-08:00,0,0
style.css,212,css,c49f1eab,kyradeng,2025-01-24,21:22:40,-08:00,2025-01-24T21:22:40-08:00,0,0
style.css,213,css,c49f1eab,kyradeng,2025-01-24,21:22:40,-08:00,2025-01-24T21:22:40-08:00,0,13
style.css,214,css,c49f1eab,kyradeng,2025-01-24,21:22:40,-08:00,2025-01-24T21:22:40-08:00,0,24
style.css,215,css,c49f1eab,kyradeng,2025-01-24,21:22:40,-08:00,2025-01-24T21:22:40-08:00,0,0
style.css,216,css,c49f1eab,kyradeng,2025-01-24,21:22:40,-08:00,2025-01-24T21:22:40-08:00,0,0
style.css,217,css,3ae46442,kyradeng,2025-01-24,21:00:34,-08:00,2025-01-24T21:00:34-08:00,0,13
style.css,218,css,7e003656,kyradeng,2025-01-16,21:20:00,-08:00,2025-01-16T21:20:00-08:00,0,8
style.css,219,css,7e003656,kyradeng,2025-01-16,21:20:00,-08:00,2025-01-16T21:20:00-08:00,0,16
style.css,220,css,7e003656,kyradeng,2025-01-16,21:20:00,-08:00,2025-01-16T21:20:00-08:00,0,17
style.css,221,css,7e003656,kyradeng,2025-01-16,21:20:00,-08:00,2025-01-16T21:20:00-08:00,0,13
style.css,222,css,3ae46442,kyradeng,2025-01-24,21:00:34,-08:00,2025-01-24T21:00:34-08:00,0,41
style.css,223,css,3ae46442,kyradeng,2025-01-24,21:00:34,-08:00,2025-01-24T21:00:34-08:00,0,49
style.css,224,css,3ae46442,kyradeng,2025-01-24,21:00:34,-08:00,2025-01-24T21:00:34-08:00,0,18
style.css,225,css,7e003656,kyradeng,2025-01-16,21:20:00,-08:00,2025-01-16T21:20:00-08:00,0,0
style.css,226,css,7e003656,kyradeng,2025-01-16,21:20:00,-08:00,2025-01-16T21:20:00-08:00,0,0
style.css,227,css,7e003656,kyradeng,2025-01-16,21:20:00,-08:00,2025-01-16T21:20:00-08:00,0,11
style.css,228,css,7e003656,kyradeng,2025-01-16,21:20:00,-08:00,2025-01-16T21:20:00-08:00,0,15
style.css,229,css,7e003656,kyradeng,2025-01-16,21:20:00,-08:00,2025-01-16T21:20:00-08:00,0,19
style.css,230,css,3ae46442,kyradeng,2025-01-24,21:00:34,-08:00,2025-01-24T21:00:34-08:00,0,26
style.css,231,css,7e003656,kyradeng,2025-01-16,21:20:00,-08:00,2025-01-16T21:20:00-08:00,0,0
style.css,232,css,7e003656,kyradeng,2025-01-16,21:20:00,-08:00,2025-01-16T21:20:00-08:00,0,0
style.css,233,css,3ae46442,kyradeng,2025-01-24,21:00:34,-08:00,2025-01-24T21:00:34-08:00,0,11
style.css,234,css,7e003656,kyradeng,2025-01-16,21:20:00,-08:00,2025-01-16T21:20:00-08:00,0,11
style.css,235,css,7e003656,kyradeng,2025-01-16,21:20:00,-08:00,2025-01-16T21:20:00-08:00,0,21
style.css,236,css,7e003656,kyradeng,2025-01-16,21:20:00,-08:00,2025-01-16T21:20:00-08:00,0,13
style.css,237,css,7e003656,kyradeng,2025-01-16,21:20:00,-08:00,2025-01-16T21:20:00-08:00,0,15
style.css,238,css,7e003656,kyradeng,2025-01-16,21:20:00,-08:00,2025-01-16T21:20:00-08:00,0,9
style.css,239,css,7e003656,kyradeng,2025-01-16,21:20:00,-08:00,2025-01-16T21:20:00-08:00,0,10
style.css,240,css,7e003656,kyradeng,2025-01-16,21:20:00,-08:00,2025-01-16T21:20:00-08:00,0,0
style.css,241,css,7e003656,kyradeng,2025-01-16,21:20:00,-08:00,2025-01-16T21:20:00-08:00,0,0
style.css,242,css,7e003656,kyradeng,2025-01-16,21:20:00,-08:00,2025-01-16T21:20:00-08:00,0,11
style.css,243,css,3ae46442,kyradeng,2025-01-24,21:00:34,-08:00,2025-01-24T21:00:34-08:00,0,39
style.css,244,css,c49f1eab,kyradeng,2025-01-24,21:22:40,-08:00,2025-01-24T21:22:40-08:00,0,25
style.css,245,css,7e003656,kyradeng,2025-01-16,21:20:00,-08:00,2025-01-16T21:20:00-08:00,0,20
style.css,246,css,3ae46442,kyradeng,2025-01-24,21:00:34,-08:00,2025-01-24T21:00:34-08:00,0,19
style.css,247,css,7e003656,kyradeng,2025-01-16,21:20:00,-08:00,2025-01-16T21:20:00-08:00,0,15
style.css,248,css,7e003656,kyradeng,2025-01-16,21:20:00,-08:00,2025-01-16T21:20:00-08:00,0,0
style.css,249,css,7e003656,kyradeng,2025-01-16,21:20:00,-08:00,2025-01-16T21:20:00-08:00,0,0
style.css,250,css,3ae46442,kyradeng,2025-01-24,21:00:34,-08:00,2025-01-24T21:00:34-08:00,0,19
style.css,251,css,d2fe5882,kyradeng,2025-01-24,17:42:25,-08:00,2025-01-24T17:42:25-08:00,0,14
style.css,252,css,d2fe5882,kyradeng,2025-01-24,17:42:25,-08:00,2025-01-24T17:42:25-08:00,0,18
style.css,253,css,d2fe5882,kyradeng,2025-01-24,17:42:25,-08:00,2025-01-24T17:42:25-08:00,0,9
style.css,254,css,d2fe5882,kyradeng,2025-01-24,17:42:25,-08:00,2025-01-24T17:42:25-08:00,0,11
style.css,255,css,3ae46442,kyradeng,2025-01-24,21:00:34,-08:00,2025-01-24T21:00:34-08:00,0,14
style.css,256,css,3ae46442,kyradeng,2025-01-24,21:00:34,-08:00,2025-01-24T21:00:34-08:00,0,20
style.css,257,css,d2fe5882,kyradeng,2025-01-24,17:42:25,-08:00,2025-01-24T17:42:25-08:00,0,0
style.css,258,css,d2fe5882,kyradeng,2025-01-24,17:42:25,-08:00,2025-01-24T17:42:25-08:00,0,0
style.css,259,css,d2fe5882,kyradeng,2025-01-24,17:42:25,-08:00,2025-01-24T17:42:25-08:00,0,7
style.css,260,css,d2fe5882,kyradeng,2025-01-24,17:42:25,-08:00,2025-01-24T17:42:25-08:00,0,20
style.css,261,css,d2fe5882,kyradeng,2025-01-24,17:42:25,-08:00,2025-01-24T17:42:25-08:00,0,15
style.css,262,css,d2fe5882,kyradeng,2025-01-24,17:42:25,-08:00,2025-01-24T17:42:25-08:00,0,0
style.css,263,css,d2fe5882,kyradeng,2025-01-24,17:42:25,-08:00,2025-01-24T17:42:25-08:00,0,0
style.css,264,css,c2114031,kyradeng,2025-01-30,00:34:52,-08:00,2025-01-30T00:34:52-08:00,0,15
style.css,265,css,c2114031,kyradeng,2025-01-30,00:34:52,-08:00,2025-01-30T00:34:52-08:00,0,74
style.css,266,css,c2114031,kyradeng,2025-01-30,00:34:52,-08:00,2025-01-30T00:34:52-08:00,0,24
style.css,267,css,c2114031,kyradeng,2025-01-30,00:34:52,-08:00,2025-01-30T00:34:52-08:00,0,18
style.css,268,css,c2114031,kyradeng,2025-01-30,00:34:52,-08:00,2025-01-30T00:34:52-08:00,0,13
style.css,269,css,c2114031,kyradeng,2025-01-30,00:34:52,-08:00,2025-01-30T00:34:52-08:00,0,17
style.css,270,css,c2114031,kyradeng,2025-01-30,00:34:52,-08:00,2025-01-30T00:34:52-08:00,0,12
style.css,271,css,c2114031,kyradeng,2025-01-30,00:34:52,-08:00,2025-01-30T00:34:52-08:00,0,18
style.css,272,css,c2114031,kyradeng,2025-01-30,00:34:52,-08:00,2025-01-30T00:34:52-08:00,0,49
style.css,273,css,c2114031,kyradeng,2025-01-30,00:34:52,-08:00,2025-01-30T00:34:52-08:00,0,30
style.css,274,css,c2114031,kyradeng,2025-01-30,00:34:52,-08:00,2025-01-30T00:34:52-08:00,0,41
style.css,275,css,c2114031,kyradeng,2025-01-30,00:34:52,-08:00,2025-01-30T00:34:52-08:00,0,0
style.css,276,css,c2114031,kyradeng,2025-01-30,00:34:52,-08:00,2025-01-30T00:34:52-08:00,0,0
style.css,277,css,c2114031,kyradeng,2025-01-30,00:34:52,-08:00,2025-01-30T00:34:52-08:00,0,43
style.css,278,css,c2114031,kyradeng,2025-01-30,00:34:52,-08:00,2025-01-30T00:34:52-08:00,0,18
style.css,279,css,c2114031,kyradeng,2025-01-30,00:34:52,-08:00,2025-01-30T00:34:52-08:00,0,13
style.css,280,css,c2114031,kyradeng,2025-01-30,00:34:52,-08:00,2025-01-30T00:34:52-08:00,0,56
style.css,281,css,c2114031,kyradeng,2025-01-30,00:34:52,-08:00,2025-01-30T00:34:52-08:00,0,13
style.css,282,css,c2114031,kyradeng,2025-01-30,00:34:52,-08:00,2025-01-30T00:34:52-08:00,0,10
style.css,283,css,c2114031,kyradeng,2025-01-30,00:34:52,-08:00,2025-01-30T00:34:52-08:00,0,9
style.css,284,css,c2114031,kyradeng,2025-01-30,00:34:52,-08:00,2025-01-30T00:34:52-08:00,0,0
style.css,285,css,c2114031,kyradeng,2025-01-30,00:34:52,-08:00,2025-01-30T00:34:52-08:00,0,0
style.css,286,css,c2114031,kyradeng,2025-01-30,00:34:52,-08:00,2025-01-30T00:34:52-08:00,0,26
style.css,287,css,c2114031,kyradeng,2025-01-30,00:34:52,-08:00,2025-01-30T00:34:52-08:00,0,18
style.css,288,css,c2114031,kyradeng,2025-01-30,00:34:52,-08:00,2025-01-30T00:34:52-08:00,0,17
style.css,289,css,c2114031,kyradeng,2025-01-30,00:34:52,-08:00,2025-01-30T00:34:52-08:00,0,57
style.css,290,css,c2114031,kyradeng,2025-01-30,00:34:52,-08:00,2025-01-30T00:34:52-08:00,0,17
style.css,291,css,c2114031,kyradeng,2025-01-30,00:34:52,-08:00,2025-01-30T00:34:52-08:00,0,0
style.css,292,css,c2114031,kyradeng,2025-01-30,00:34:52,-08:00,2025-01-30T00:34:52-08:00,0,0
style.css,293,css,c2114031,kyradeng,2025-01-30,00:34:52,-08:00,2025-01-30T00:34:52-08:00,0,26
style.css,294,css,c2114031,kyradeng,2025-01-30,00:34:52,-08:00,2025-01-30T00:34:52-08:00,0,18
style.css,295,css,c2114031,kyradeng,2025-01-30,00:34:52,-08:00,2025-01-30T00:34:52-08:00,0,9
style.css,296,css,c2114031,kyradeng,2025-01-30,00:34:52,-08:00,2025-01-30T00:34:52-08:00,0,64
style.css,297,css,c2114031,kyradeng,2025-01-30,00:34:52,-08:00,2025-01-30T00:34:52-08:00,0,17
style.css,298,css,c2114031,kyradeng,2025-01-30,00:34:52,-08:00,2025-01-30T00:34:52-08:00,0,16
style.css,299,css,c2114031,kyradeng,2025-01-30,00:34:52,-08:00,2025-01-30T00:34:52-08:00,0,0
style.css,300,css,c2114031,kyradeng,2025-01-30,00:34:52,-08:00,2025-01-30T00:34:52-08:00,0,0
style.css,301,css,c2114031,kyradeng,2025-01-30,00:34:52,-08:00,2025-01-30T00:34:52-08:00,0,37
style.css,302,css,c2114031,kyradeng,2025-01-30,00:34:52,-08:00,2025-01-30T00:34:52-08:00,0,37
style.css,303,css,c2114031,kyradeng,2025-01-30,00:34:52,-08:00,2025-01-30T00:34:52-08:00,0,14
style.css,304,css,c2114031,kyradeng,2025-01-30,00:34:52,-08:00,2025-01-30T00:34:52-08:00,0,48
style.css,305,css,c2114031,kyradeng,2025-01-30,00:34:52,-08:00,2025-01-30T00:34:52-08:00,0,0
style.css,306,css,c2114031,kyradeng,2025-01-30,00:34:52,-08:00,2025-01-30T00:34:52-08:00,0,0
style.css,307,css,c2114031,kyradeng,2025-01-30,00:34:52,-08:00,2025-01-30T00:34:52-08:00,0,38
style.css,308,css,c2114031,kyradeng,2025-01-30,00:34:52,-08:00,2025-01-30T00:34:52-08:00,0,63
style.css,309,css,c2114031,kyradeng,2025-01-30,00:34:52,-08:00,2025-01-30T00:34:52-08:00,0,19
style.css,310,css,c2114031,kyradeng,2025-01-30,00:34:52,-08:00,2025-01-30T00:34:52-08:00,0,0
style.css,311,css,c2114031,kyradeng,2025-01-30,00:34:52,-08:00,2025-01-30T00:34:52-08:00,0,0
style.css,312,css,2ca25adb,kyradeng,2025-02-07,16:58:33,-08:00,2025-02-07T16:58:33-08:00,0,11
style.css,313,css,2ca25adb,kyradeng,2025-02-07,16:58:33,-08:00,2025-02-07T16:58:33-08:00,0,13
style.css,314,css,2ca25adb,kyradeng,2025-02-07,16:58:33,-08:00,2025-02-07T16:58:33-08:00,0,49
style.css,315,css,2ca25adb,kyradeng,2025-02-07,16:58:33,-08:00,2025-02-07T16:58:33-08:00,0,49
style.css,316,css,2ca25adb,kyradeng,2025-02-07,16:58:33,-08:00,2025-02-07T16:58:33-08:00,0,55
style.css,317,css,2ca25adb,kyradeng,2025-02-07,16:58:33,-08:00,2025-02-07T16:58:33-08:00,0,0
style.css,318,css,2ca25adb,kyradeng,2025-02-07,16:58:33,-08:00,2025-02-07T16:58:33-08:00,0,0
style.css,319,css,2ca25adb,kyradeng,2025-02-07,16:58:33,-08:00,2025-02-07T16:58:33-08:00,0,19
style.css,320,css,2ca25adb,kyradeng,2025-02-07,16:58:33,-08:00,2025-02-07T16:58:33-08:00,0,15
style.css,321,css,2ca25adb,kyradeng,2025-02-07,16:58:33,-08:00,2025-02-07T16:58:33-08:00,0,17
style.css,322,css,2ca25adb,kyradeng,2025-02-07,16:58:33,-08:00,2025-02-07T16:58:33-08:00,0,0
style.css,323,css,2ca25adb,kyradeng,2025-02-07,16:58:33,-08:00,2025-02-07T16:58:33-08:00,0,17
style.css,324,css,2ca25adb,kyradeng,2025-02-07,16:58:33,-08:00,2025-02-07T16:58:33-08:00,0,0
style.css,325,css,2ca25adb,kyradeng,2025-02-07,16:58:33,-08:00,2025-02-07T16:58:33-08:00,0,0
style.css,326,css,2ca25adb,kyradeng,2025-02-07,16:58:33,-08:00,2025-02-07T16:58:33-08:00,0,8
style.css,327,css,2ca25adb,kyradeng,2025-02-07,16:58:33,-08:00,2025-02-07T16:58:33-08:00,0,16
style.css,328,css,2ca25adb,kyradeng,2025-02-07,16:58:33,-08:00,2025-02-07T16:58:33-08:00,0,10
style.css,329,css,2ca25adb,kyradeng,2025-02-07,16:58:33,-08:00,2025-02-07T16:58:33-08:00,0,16
style.css,330,css,2ca25adb,kyradeng,2025-02-07,16:58:33,-08:00,2025-02-07T16:58:33-08:00,0,13
style.css,331,css,2ca25adb,kyradeng,2025-02-07,16:58:33,-08:00,2025-02-07T16:58:33-08:00,0,15
style.css,332,css,2ca25adb,kyradeng,2025-02-07,16:58:33,-08:00,2025-02-07T16:58:33-08:00,0,9
style.css,333,css,2ca25adb,kyradeng,2025-02-07,16:58:33,-08:00,2025-02-07T16:58:33-08:00,0,0
style.css,334,css,2ca25adb,kyradeng,2025-02-07,16:58:33,-08:00,2025-02-07T16:58:33-08:00,0,0
style.css,335,css,2ca25adb,kyradeng,2025-02-07,16:58:33,-08:00,2025-02-07T16:58:33-08:00,0,11
style.css,336,css,2ca25adb,kyradeng,2025-02-07,16:58:33,-08:00,2025-02-07T16:58:33-08:00,0,13
style.css,337,css,2ca25adb,kyradeng,2025-02-07,16:58:33,-08:00,2025-02-07T16:58:33-08:00,0,19
style.css,338,css,2ca25adb,kyradeng,2025-02-07,16:58:33,-08:00,2025-02-07T16:58:33-08:00,0,30
style.css,339,css,2ca25adb,kyradeng,2025-02-07,16:58:33,-08:00,2025-02-07T16:58:33-08:00,0,15
style.css,340,css,2ca25adb,kyradeng,2025-02-07,16:58:33,-08:00,2025-02-07T16:58:33-08:00,0,19
style.css,341,css,2ca25adb,kyradeng,2025-02-07,16:58:33,-08:00,2025-02-07T16:58:33-08:00,0,17
style.css,342,css,2ca25adb,kyradeng,2025-02-07,16:58:33,-08:00,2025-02-07T16:58:33-08:00,0,18
style.css,343,css,2ca25adb,kyradeng,2025-02-07,16:58:33,-08:00,2025-02-07T16:58:33-08:00,0,22
style.css,344,css,2ca25adb,kyradeng,2025-02-07,16:58:33,-08:00,2025-02-07T16:58:33-08:00,0,42
style.css,345,css,2ca25adb,kyradeng,2025-02-07,16:58:33,-08:00,2025-02-07T16:58:33-08:00,0,0
style.css,346,css,2ca25adb,kyradeng,2025-02-07,16:58:33,-08:00,2025-02-07T16:58:33-08:00,0,0
style.css,347,css,2ca25adb,kyradeng,2025-02-07,16:58:33,-08:00,2025-02-07T16:58:33-08:00,0,16
style.css,348,css,2ca25adb,kyradeng,2025-02-07,16:58:33,-08:00,2025-02-07T16:58:33-08:00,0,21
style.css,349,css,2ca25adb,kyradeng,2025-02-07,16:58:33,-08:00,2025-02-07T16:58:33-08:00,0,11
style.css,350,css,2ca25adb,kyradeng,2025-02-07,16:58:33,-08:00,2025-02-07T16:58:33-08:00,0,12
style.css,351,css,2ca25adb,kyradeng,2025-02-07,16:58:33,-08:00,2025-02-07T16:58:33-08:00,0,18
style.css,352,css,2ca25adb,kyradeng,2025-02-07,16:58:33,-08:00,2025-02-07T16:58:33-08:00,0,17
style.css,353,css,2ca25adb,kyradeng,2025-02-07,16:58:33,-08:00,2025-02-07T16:58:33-08:00,0,24
style.css,354,css,2ca25adb,kyradeng,2025-02-07,16:58:33,-08:00,2025-02-07T16:58:33-08:00,0,22
style.css,355,css,2ca25adb,kyradeng,2025-02-07,16:58:33,-08:00,2025-02-07T16:58:33-08:00,0,0
style.css,356,css,2ca25adb,kyradeng,2025-02-07,16:58:33,-08:00,2025-02-07T16:58:33-08:00,0,0
style.css,357,css,2ca25adb,kyradeng,2025-02-07,16:58:33,-08:00,2025-02-07T16:58:33-08:00,0,11
style.css,358,css,2ca25adb,kyradeng,2025-02-07,16:58:33,-08:00,2025-02-07T16:58:33-08:00,0,18
style.css,359,css,2ca25adb,kyradeng,2025-02-07,16:58:33,-08:00,2025-02-07T16:58:33-08:00,0,11
style.css,360,css,2ca25adb,kyradeng,2025-02-07,16:58:33,-08:00,2025-02-07T16:58:33-08:00,0,15
style.css,361,css,2ca25adb,kyradeng,2025-02-07,16:58:33,-08:00,2025-02-07T16:58:33-08:00,0,16
style.css,362,css,2ca25adb,kyradeng,2025-02-07,16:58:33,-08:00,2025-02-07T16:58:33-08:00,0,0
style.css,363,css,2ca25adb,kyradeng,2025-02-07,16:58:33,-08:00,2025-02-07T16:58:33-08:00,0,0
style.css,364,css,2ca25adb,kyradeng,2025-02-07,16:58:33,-08:00,2025-02-07T16:58:33-08:00,0,18
style.css,365,css,2ca25adb,kyradeng,2025-02-07,16:58:33,-08:00,2025-02-07T16:58:33-08:00,0,17
style.css,366,css,2ca25adb,kyradeng,2025-02-07,16:58:33,-08:00,2025-02-07T16:58:33-08:00,0,12
style.css,367,css,2ca25adb,kyradeng,2025-02-07,16:58:33,-08:00,2025-02-07T16:58:33-08:00,0,0
style.css,368,css,2ca25adb,kyradeng,2025-02-07,16:58:33,-08:00,2025-02-07T16:58:33-08:00,0,0
style.css,369,css,2ca25adb,kyradeng,2025-02-07,16:58:33,-08:00,2025-02-07T16:58:33-08:00,0,0
style.css,370,css,2ca25adb,kyradeng,2025-02-07,16:58:33,-08:00,2025-02-07T16:58:33-08:00,0,10
style.css,371,css,2ca25adb,kyradeng,2025-02-07,16:58:33,-08:00,2025-02-07T16:58:33-08:00,0,36
style.css,372,css,2ca25adb,kyradeng,2025-02-07,16:58:33,-08:00,2025-02-07T16:58:33-08:00,0,0
style.css,373,css,2ca25adb,kyradeng,2025-02-07,16:58:33,-08:00,2025-02-07T16:58:33-08:00,0,11
style.css,374,css,2ca25adb,kyradeng,2025-02-07,16:58:33,-08:00,2025-02-07T16:58:33-08:00,0,18
style.css,375,css,2ca25adb,kyradeng,2025-02-07,16:58:33,-08:00,2025-02-07T16:58:33-08:00,0,0
style.css,376,css,2ca25adb,kyradeng,2025-02-07,16:58:33,-08:00,2025-02-07T16:58:33-08:00,0,0
style.css,377,css,2ca25adb,kyradeng,2025-02-07,16:58:33,-08:00,2025-02-07T16:58:33-08:00,0,0
style.css,378,css,2ca25adb,kyradeng,2025-02-07,16:58:33,-08:00,2025-02-07T16:58:33-08:00,0,5
style.css,379,css,2ca25adb,kyradeng,2025-02-07,16:58:33,-08:00,2025-02-07T16:58:33-08:00,0,17
style.css,380,css,2ca25adb,kyradeng,2025-02-07,16:58:33,-08:00,2025-02-07T16:58:33-08:00,0,0
style.css,381,css,2ca25adb,kyradeng,2025-02-07,16:58:33,-08:00,2025-02-07T16:58:33-08:00,0,0
style.css,382,css,c2114031,kyradeng,2025-01-30,00:34:52,-08:00,2025-01-30T00:34:52-08:00,0,22
style.css,383,css,c2114031,kyradeng,2025-01-30,00:34:52,-08:00,2025-01-30T00:34:52-08:00,0,26
style.css,384,css,c2114031,kyradeng,2025-01-30,00:34:52,-08:00,2025-01-30T00:34:52-08:00,0,15
style.css,385,css,c2114031,kyradeng,2025-01-30,00:34:52,-08:00,2025-01-30T00:34:52-08:00,0,10
style.css,386,css,c2114031,kyradeng,2025-01-30,00:34:52,-08:00,2025-01-30T00:34:52-08:00,0,13
style.css,387,css,c2114031,kyradeng,2025-01-30,00:34:52,-08:00,2025-01-30T00:34:52-08:00,0,0
style.css,388,css,c2114031,kyradeng,2025-01-30,00:34:52,-08:00,2025-01-30T00:34:52-08:00,0,0
style.css,389,css,c2114031,kyradeng,2025-01-30,00:34:52,-08:00,2025-01-30T00:34:52-08:00,0,0
style.css,390,css,3ae46442,kyradeng,2025-01-24,21:00:34,-08:00,2025-01-24T21:00:34-08:00,0,22
style.css,391,css,7e003656,kyradeng,2025-01-16,21:20:00,-08:00,2025-01-16T21:20:00-08:00,0,26
style.css,392,css,3ae46442,kyradeng,2025-01-24,21:00:34,-08:00,2025-01-24T21:00:34-08:00,0,18
style.css,393,css,3ae46442,kyradeng,2025-01-24,21:00:34,-08:00,2025-01-24T21:00:34-08:00,0,26
style.css,394,css,3ae46442,kyradeng,2025-01-24,21:00:34,-08:00,2025-01-24T21:00:34-08:00,0,0
style.css,395,css,3ae46442,kyradeng,2025-01-24,21:00:34,-08:00,2025-01-24T21:00:34-08:00,0,0
style.css,396,css,7e003656,kyradeng,2025-01-16,21:20:00,-08:00,2025-01-16T21:20:00-08:00,0,10
style.css,397,css,3ae46442,kyradeng,2025-01-24,21:00:34,-08:00,2025-01-24T21:00:34-08:00,0,17
style.css,398,css,7e003656,kyradeng,2025-01-16,21:20:00,-08:00,2025-01-16T21:20:00-08:00,0,0
style.css,399,css,7e003656,kyradeng,2025-01-16,21:20:00,-08:00,2025-01-16T21:20:00-08:00,0,0
style.css,400,css,7e003656,kyradeng,2025-01-16,21:20:00,-08:00,2025-01-16T21:20:00-08:00,0,8
style.css,401,css,7e003656,kyradeng,2025-01-16,21:20:00,-08:00,2025-01-16T21:20:00-08:00,0,12
style.css,402,css,7e003656,kyradeng,2025-01-16,21:20:00,-08:00,2025-01-16T21:20:00-08:00,0,13
style.css,403,css,7e003656,kyradeng,2025-01-16,21:20:00,-08:00,2025-01-16T21:20:00-08:00,0,0
style.css,404,css,7e003656,kyradeng,2025-01-16,21:20:00,-08:00,2025-01-16T21:20:00-08:00,0,0
style.css,405,css,7e003656,kyradeng,2025-01-16,21:20:00,-08:00,2025-01-16T21:20:00-08:00,0,11
style.css,406,css,7e003656,kyradeng,2025-01-16,21:20:00,-08:00,2025-01-16T21:20:00-08:00,0,22
style.css,407,css,7e003656,kyradeng,2025-01-16,21:20:00,-08:00,2025-01-16T21:20:00-08:00,0,0
style.css,408,css,7e003656,kyradeng,2025-01-16,21:20:00,-08:00,2025-01-16T21:20:00-08:00,0,0
style.css,409,css,7e003656,kyradeng,2025-01-16,21:20:00,-08:00,2025-01-16T21:20:00-08:00,0,0
style.css,410,css,7e003656,kyradeng,2025-01-16,21:20:00,-08:00,2025-01-16T21:20:00-08:00,0,26
style.css,411,css,7e003656,kyradeng,2025-01-16,21:20:00,-08:00,2025-01-16T21:20:00-08:00,0,10
style.css,412,css,3ae46442,kyradeng,2025-01-24,21:00:34,-08:00,2025-01-24T21:00:34-08:00,0,15
style.css,413,css,7e003656,kyradeng,2025-01-16,21:20:00,-08:00,2025-01-16T21:20:00-08:00,0,0
style.css,414,css,7e003656,kyradeng,2025-01-16,21:20:00,-08:00,2025-01-16T21:20:00-08:00,0,0
style.css,415,css,7e003656,kyradeng,2025-01-16,21:20:00,-08:00,2025-01-16T21:20:00-08:00,0,11
style.css,416,css,3ae46442,kyradeng,2025-01-24,21:00:34,-08:00,2025-01-24T21:00:34-08:00,0,17
style.css,417,css,7e003656,kyradeng,2025-01-16,21:20:00,-08:00,2025-01-16T21:20:00-08:00,0,0
style.css,418,css,d2fe5882,kyradeng,2025-01-24,17:42:25,-08:00,2025-01-24T17:42:25-08:00,0,0
index.js,1,js,c2114031,kyradeng,2025-01-30,00:34:52,-08:00,2025-01-30T00:34:52-08:00,0,71
index.js,2,js,c2114031,kyradeng,2025-01-30,00:34:52,-08:00,2025-01-30T00:34:52-08:00,0,0
index.js,3,js,c2114031,kyradeng,2025-01-30,00:34:52,-08:00,2025-01-30T00:34:52-08:00,0,55
index.js,4,js,c2114031,kyradeng,2025-01-30,00:34:52,-08:00,2025-01-30T00:34:52-08:00,0,43
index.js,5,js,c2114031,kyradeng,2025-01-30,00:34:52,-08:00,2025-01-30T00:34:52-08:00,0,61
index.js,6,js,c2114031,kyradeng,2025-01-30,00:34:52,-08:00,2025-01-30T00:34:52-08:00,0,55
index.js,7,js,c2114031,kyradeng,2025-01-30,00:34:52,-08:00,2025-01-30T00:34:52-08:00,0,0
index.js,8,js,c2114031,kyradeng,2025-01-30,00:34:52,-08:00,2025-01-30T00:34:52-08:00,0,52
index.js,9,js,c2114031,kyradeng,2025-01-30,00:34:52,-08:00,2025-01-30T00:34:52-08:00,0,61
index.js,10,js,c2114031,kyradeng,2025-01-30,00:34:52,-08:00,2025-01-30T00:34:52-08:00,0,18
index.js,11,js,c2114031,kyradeng,2025-01-30,00:34:52,-08:00,2025-01-30T00:34:52-08:00,0,25
index.js,12,js,c2114031,kyradeng,2025-01-30,00:34:52,-08:00,2025-01-30T00:34:52-08:00,0,3
index.js,13,js,c2114031,kyradeng,2025-01-30,00:34:52,-08:00,2025-01-30T00:34:52-08:00,0,56
index.js,14,js,c2114031,kyradeng,2025-01-30,00:34:52,-08:00,2025-01-30T00:34:52-08:00,0,56
index.js,15,js,c2114031,kyradeng,2025-01-30,00:34:52,-08:00,2025-01-30T00:34:52-08:00,0,50
index.js,16,js,c2114031,kyradeng,2025-01-30,00:34:52,-08:00,2025-01-30T00:34:52-08:00,0,50
index.js,17,js,c2114031,kyradeng,2025-01-30,00:34:52,-08:00,2025-01-30T00:34:52-08:00,0,4
index.js,18,js,c2114031,kyradeng,2025-01-30,00:34:52,-08:00,2025-01-30T00:34:52-08:00,0,1
index.js,19,js,c2114031,kyradeng,2025-01-30,00:34:52,-08:00,2025-01-30T00:34:52-08:00,0,0
index.html,1,html,439e0c4d,kyradeng,2025-01-10,19:39:52,-08:00,2025-01-10T19:39:52-08:00,0,14
index.html,2,html,439e0c4d,kyradeng,2025-01-10,19:39:52,-08:00,2025-01-10T19:39:52-08:00,0,15
index.html,3,html,439e0c4d,kyradeng,2025-01-10,19:39:52,-08:00,2025-01-10T19:39:52-08:00,0,5
index.html,4,html,439e0c4d,kyradeng,2025-01-10,19:39:52,-08:00,2025-01-10T19:39:52-08:00,0,21
index.html,5,html,439e0c4d,kyradeng,2025-01-10,19:39:52,-08:00,2025-01-10T19:39:52-08:00,0,69
index.html,6,html,439e0c4d,kyradeng,2025-01-10,19:39:52,-08:00,2025-01-10T19:39:52-08:00,0,52
index.html,7,html,0d6fdc1f,kyradeng,2025-01-10,20:38:49,-08:00,2025-01-10T20:38:49-08:00,0,39
index.html,8,html,439e0c4d,kyradeng,2025-01-10,19:39:52,-08:00,2025-01-10T19:39:52-08:00,0,6
index.html,9,html,439e0c4d,kyradeng,2025-01-10,19:39:52,-08:00,2025-01-10T19:39:52-08:00,0,5
index.html,10,html,439e0c4d,kyradeng,2025-01-10,19:39:52,-08:00,2025-01-10T19:39:52-08:00,0,17
index.html,11,html,439e0c4d,kyradeng,2025-01-10,19:39:52,-08:00,2025-01-10T19:39:52-08:00,0,82
index.html,12,html,0d6fdc1f,kyradeng,2025-01-10,20:38:49,-08:00,2025-01-10T20:38:49-08:00,0,82
index.html,13,html,c2114031,kyradeng,2025-01-30,00:34:52,-08:00,2025-01-30T00:34:52-08:00,0,23
index.html,14,html,c2114031,kyradeng,2025-01-30,00:34:52,-08:00,2025-01-30T00:34:52-08:00,0,21
index.html,15,html,c2114031,kyradeng,2025-01-30,00:34:52,-08:00,2025-01-30T00:34:52-08:00,0,50
index.html,16,html,c2114031,kyradeng,2025-01-30,00:34:52,-08:00,2025-01-30T00:34:52-08:00,0,5
index.html,17,html,c2114031,kyradeng,2025-01-30,00:34:52,-08:00,2025-01-30T00:34:52-08:00,0,21
index.html,18,html,c2114031,kyradeng,2025-01-30,00:34:52,-08:00,2025-01-30T00:34:52-08:00,0,26
index.html,19,html,c2114031,kyradeng,2025-01-30,00:34:52,-08:00,2025-01-30T00:34:52-08:00,0,50
index.html,20,html,c2114031,kyradeng,2025-01-30,00:34:52,-08:00,2025-01-30T00:34:52-08:00,0,5
index.html,21,html,0d6fdc1f,kyradeng,2025-01-10,20:38:49,-08:00,2025-01-10T20:38:49-08:00,0,0
index.html,22,html,d2fe5882,kyradeng,2025-01-24,17:42:25,-08:00,2025-01-24T17:42:25-08:00,0,46
index.html,23,html,c2114031,kyradeng,2025-01-30,00:34:52,-08:00,2025-01-30T00:34:52-08:00,0,51
index.html,24,html,296ed6c3,kyradeng,2025-01-23,22:01:40,-08:00,2025-01-23T22:01:40-08:00,0,0
index.html,25,html,439e0c4d,kyradeng,2025-01-10,19:39:52,-08:00,2025-01-10T19:39:52-08:00,0,6
index.html,26,html,439e0c4d,kyradeng,2025-01-10,19:39:52,-08:00,2025-01-10T19:39:52-08:00,0,6
global.js,1,js,296ed6c3,kyradeng,2025-01-23,22:01:40,-08:00,2025-01-23T22:01:40-08:00,0,26
global.js,2,js,296ed6c3,kyradeng,2025-01-23,22:01:40,-08:00,2025-01-23T22:01:40-08:00,0,0
global.js,3,js,296ed6c3,kyradeng,2025-01-23,22:01:40,-08:00,2025-01-23T22:01:40-08:00,0,42
global.js,4,js,296ed6c3,kyradeng,2025-01-23,22:01:40,-08:00,2025-01-23T22:01:40-08:00,0,53
global.js,5,js,d2fe5882,kyradeng,2025-01-24,17:42:25,-08:00,2025-01-24T17:42:25-08:00,0,0
global.js,6,js,d2fe5882,kyradeng,2025-01-24,17:42:25,-08:00,2025-01-24T17:42:25-08:00,0,0
global.js,7,js,ef4ca338,kyradeng,2025-01-24,19:47:34,-08:00,2025-01-24T19:47:34-08:00,0,75
global.js,8,js,ef4ca338,kyradeng,2025-01-24,19:47:34,-08:00,2025-01-24T19:47:34-08:00,0,0
global.js,9,js,d2fe5882,kyradeng,2025-01-24,17:42:25,-08:00,2025-01-24T17:42:25-08:00,0,14
global.js,10,js,c2114031,kyradeng,2025-01-30,00:34:52,-08:00,2025-01-30T00:34:52-08:00,0,26
global.js,11,js,c2114031,kyradeng,2025-01-30,00:34:52,-08:00,2025-01-30T00:34:52-08:00,0,39
global.js,12,js,c2114031,kyradeng,2025-01-30,00:34:52,-08:00,2025-01-30T00:34:52-08:00,0,37
global.js,13,js,c2114031,kyradeng,2025-01-30,00:34:52,-08:00,2025-01-30T00:34:52-08:00,0,35
global.js,14,js,00000000,Not Committed Yet,2025-02-14,11:23:56,-08:00,2025-02-14T11:23:56-08:00,0,31
global.js,15,js,c2114031,kyradeng,2025-01-30,00:34:52,-08:00,2025-01-30T00:34:52-08:00,0,55
global.js,16,js,d2fe5882,kyradeng,2025-01-24,17:42:25,-08:00,2025-01-24T17:42:25-08:00,0,1
global.js,17,js,d2fe5882,kyradeng,2025-01-24,17:42:25,-08:00,2025-01-24T17:42:25-08:00,0,0
global.js,18,js,d2fe5882,kyradeng,2025-01-24,17:42:25,-08:00,2025-01-24T17:42:25-08:00,0,43
global.js,19,js,ef4ca338,kyradeng,2025-01-24,19:47:34,-08:00,2025-01-24T19:47:34-08:00,0,51
global.js,20,js,d2fe5882,kyradeng,2025-01-24,17:42:25,-08:00,2025-01-24T17:42:25-08:00,0,0
global.js,21,js,d2fe5882,kyradeng,2025-01-24,17:42:25,-08:00,2025-01-24T17:42:25-08:00,0,50
global.js,22,js,2d45e080,kyradeng,2025-01-24,19:33:47,-08:00,2025-01-24T19:33:47-08:00,0,36
global.js,23,js,c2114031,kyradeng,2025-01-30,00:34:52,-08:00,2025-01-30T00:34:52-08:00,0,39
global.js,24,js,c2114031,kyradeng,2025-01-30,00:34:52,-08:00,2025-01-30T00:34:52-08:00,0,83
global.js,25,js,c2114031,kyradeng,2025-01-30,00:34:52,-08:00,2025-01-30T00:34:52-08:00,0,48
global.js,26,js,c2114031,kyradeng,2025-01-30,00:34:52,-08:00,2025-01-30T00:34:52-08:00,0,67
global.js,27,js,c2114031,kyradeng,2025-01-30,00:34:52,-08:00,2025-01-30T00:34:52-08:00,0,0
global.js,28,js,c2114031,kyradeng,2025-01-30,00:34:52,-08:00,2025-01-30T00:34:52-08:00,0,50
global.js,29,js,c2114031,kyradeng,2025-01-30,00:34:52,-08:00,2025-01-30T00:34:52-08:00,0,21
global.js,30,js,c2114031,kyradeng,2025-01-30,00:34:52,-08:00,2025-01-30T00:34:52-08:00,0,15
global.js,31,js,c2114031,kyradeng,2025-01-30,00:34:52,-08:00,2025-01-30T00:34:52-08:00,0,19
global.js,32,js,c2114031,kyradeng,2025-01-30,00:34:52,-08:00,2025-01-30T00:34:52-08:00,0,0
global.js,33,js,c2114031,kyradeng,2025-01-30,00:34:52,-08:00,2025-01-30T00:34:52-08:00,0,51
global.js,34,js,c2114031,kyradeng,2025-01-30,00:34:52,-08:00,2025-01-30T00:34:52-08:00,0,29
global.js,35,js,c2114031,kyradeng,2025-01-30,00:34:52,-08:00,2025-01-30T00:34:52-08:00,0,63
global.js,36,js,d2fe5882,kyradeng,2025-01-24,17:42:25,-08:00,2025-01-24T17:42:25-08:00,0,0
global.js,37,js,c2114031,kyradeng,2025-01-30,00:34:52,-08:00,2025-01-30T00:34:52-08:00,0,0
global.js,38,js,c2114031,kyradeng,2025-01-30,00:34:52,-08:00,2025-01-30T00:34:52-08:00,0,74
global.js,39,js,c2114031,kyradeng,2025-01-30,00:34:52,-08:00,2025-01-30T00:34:52-08:00,0,0
global.js,40,js,c2114031,kyradeng,2025-01-30,00:34:52,-08:00,2025-01-30T00:34:52-08:00,0,35
global.js,41,js,c2114031,kyradeng,2025-01-30,00:34:52,-08:00,2025-01-30T00:34:52-08:00,0,35
global.js,42,js,c2114031,kyradeng,2025-01-30,00:34:52,-08:00,2025-01-30T00:34:52-08:00,0,12
global.js,43,js,c2114031,kyradeng,2025-01-30,00:34:52,-08:00,2025-01-30T00:34:52-08:00,0,21
global.js,44,js,c2114031,kyradeng,2025-01-30,00:34:52,-08:00,2025-01-30T00:34:52-08:00,0,0
global.js,45,js,c2114031,kyradeng,2025-01-30,00:34:52,-08:00,2025-01-30T00:34:52-08:00,0,54
global.js,46,js,c2114031,kyradeng,2025-01-30,00:34:52,-08:00,2025-01-30T00:34:52-08:00,0,91
global.js,47,js,c2114031,kyradeng,2025-01-30,00:34:52,-08:00,2025-01-30T00:34:52-08:00,0,0
global.js,48,js,c2114031,kyradeng,2025-01-30,00:34:52,-08:00,2025-01-30T00:34:52-08:00,0,59
global.js,49,js,c2114031,kyradeng,2025-01-30,00:34:52,-08:00,2025-01-30T00:34:52-08:00,0,30
global.js,50,js,c2114031,kyradeng,2025-01-30,00:34:52,-08:00,2025-01-30T00:34:52-08:00,0,56
global.js,51,js,c2114031,kyradeng,2025-01-30,00:34:52,-08:00,2025-01-30T00:34:52-08:00,0,0
global.js,52,js,c2114031,kyradeng,2025-01-30,00:34:52,-08:00,2025-01-30T00:34:52-08:00,0,0
global.js,53,js,c2114031,kyradeng,2025-01-30,00:34:52,-08:00,2025-01-30T00:34:52-08:00,0,52
global.js,54,js,c2114031,kyradeng,2025-01-30,00:34:52,-08:00,2025-01-30T00:34:52-08:00,0,37
global.js,55,js,c2114031,kyradeng,2025-01-30,00:34:52,-08:00,2025-01-30T00:34:52-08:00,0,17
global.js,56,js,c2114031,kyradeng,2025-01-30,00:34:52,-08:00,2025-01-30T00:34:52-08:00,0,65
global.js,57,js,c2114031,kyradeng,2025-01-30,00:34:52,-08:00,2025-01-30T00:34:52-08:00,0,0
global.js,58,js,d2fe5882,kyradeng,2025-01-24,17:42:25,-08:00,2025-01-24T17:42:25-08:00,0,0
global.js,59,js,d2fe5882,kyradeng,2025-01-24,17:42:25,-08:00,2025-01-24T17:42:25-08:00,0,0
global.js,60,js,d2fe5882,kyradeng,2025-01-24,17:42:25,-08:00,2025-01-24T17:42:25-08:00,0,32
global.js,61,js,d2fe5882,kyradeng,2025-01-24,17:42:25,-08:00,2025-01-24T17:42:25-08:00,0,12
global.js,62,js,d2fe5882,kyradeng,2025-01-24,17:42:25,-08:00,2025-01-24T17:42:25-08:00,0,0
global.js,63,js,d2fe5882,kyradeng,2025-01-24,17:42:25,-08:00,2025-01-24T17:42:25-08:00,0,27
global.js,64,js,d2fe5882,kyradeng,2025-01-24,17:42:25,-08:00,2025-01-24T17:42:25-08:00,0,5
global.js,65,js,d2fe5882,kyradeng,2025-01-24,17:42:25,-08:00,2025-01-24T17:42:25-08:00,0,7
global.js,66,js,d2fe5882,kyradeng,2025-01-24,17:42:25,-08:00,2025-01-24T17:42:25-08:00,0,44
global.js,67,js,d2fe5882,kyradeng,2025-01-24,17:42:25,-08:00,2025-01-24T17:42:25-08:00,0,35
global.js,68,js,d2fe5882,kyradeng,2025-01-24,17:42:25,-08:00,2025-01-24T17:42:25-08:00,0,33
global.js,69,js,d2fe5882,kyradeng,2025-01-24,17:42:25,-08:00,2025-01-24T17:42:25-08:00,0,8
global.js,70,js,d2fe5882,kyradeng,2025-01-24,17:42:25,-08:00,2025-01-24T17:42:25-08:00,0,7
global.js,71,js,d2fe5882,kyradeng,2025-01-24,17:42:25,-08:00,2025-01-24T17:42:25-08:00,0,0
global.js,72,js,d2fe5882,kyradeng,2025-01-24,17:42:25,-08:00,2025-01-24T17:42:25-08:00,0,1
global.js,73,js,d2fe5882,kyradeng,2025-01-24,17:42:25,-08:00,2025-01-24T17:42:25-08:00,0,0
global.js,74,js,3ae46442,kyradeng,2025-01-24,21:00:34,-08:00,2025-01-24T21:00:34-08:00,0,30
global.js,75,js,d2fe5882,kyradeng,2025-01-24,17:42:25,-08:00,2025-01-24T17:42:25-08:00,0,61
global.js,76,js,d2fe5882,kyradeng,2025-01-24,17:42:25,-08:00,2025-01-24T17:42:25-08:00,0,0
global.js,77,js,3ae46442,kyradeng,2025-01-24,21:00:34,-08:00,2025-01-24T21:00:34-08:00,0,32
global.js,78,js,c2114031,kyradeng,2025-01-30,00:34:52,-08:00,2025-01-30T00:34:52-08:00,0,83
global.js,79,js,c2114031,kyradeng,2025-01-30,00:34:52,-08:00,2025-01-30T00:34:52-08:00,0,0
global.js,80,js,d2fe5882,kyradeng,2025-01-24,17:42:25,-08:00,2025-01-24T17:42:25-08:00,0,0
global.js,81,js,c49f1eab,kyradeng,2025-01-24,21:22:40,-08:00,2025-01-24T21:22:40-08:00,0,0
global.js,82,js,c49f1eab,kyradeng,2025-01-24,21:22:40,-08:00,2025-01-24T21:22:40-08:00,0,39
global.js,83,js,c2114031,kyradeng,2025-01-30,00:34:52,-08:00,2025-01-30T00:34:52-08:00,0,71
global.js,84,js,c49f1eab,kyradeng,2025-01-24,21:22:40,-08:00,2025-01-24T21:22:40-08:00,0,0
global.js,85,js,c49f1eab,kyradeng,2025-01-24,21:22:40,-08:00,2025-01-24T21:22:40-08:00,0,0
global.js,86,js,3ae46442,kyradeng,2025-01-24,21:00:34,-08:00,2025-01-24T21:00:34-08:00,0,34
global.js,87,js,d2fe5882,kyradeng,2025-01-24,17:42:25,-08:00,2025-01-24T17:42:25-08:00,0,37
global.js,88,js,c2114031,kyradeng,2025-01-30,00:34:52,-08:00,2025-01-30T00:34:52-08:00,0,34
global.js,89,js,c2114031,kyradeng,2025-01-30,00:34:52,-08:00,2025-01-30T00:34:52-08:00,0,40
global.js,90,js,c2114031,kyradeng,2025-01-30,00:34:52,-08:00,2025-01-30T00:34:52-08:00,0,40
global.js,91,js,c2114031,kyradeng,2025-01-30,00:34:52,-08:00,2025-01-30T00:34:52-08:00,0,7
global.js,92,js,c2114031,kyradeng,2025-01-30,00:34:52,-08:00,2025-01-30T00:34:52-08:00,0,43
global.js,93,js,c2114031,kyradeng,2025-01-30,00:34:52,-08:00,2025-01-30T00:34:52-08:00,0,29
global.js,94,js,c49f1eab,kyradeng,2025-01-24,21:22:40,-08:00,2025-01-24T21:22:40-08:00,0,0
global.js,95,js,d2fe5882,kyradeng,2025-01-24,17:42:25,-08:00,2025-01-24T17:42:25-08:00,0,0
global.js,96,js,c2114031,kyradeng,2025-01-30,00:34:52,-08:00,2025-01-30T00:34:52-08:00,0,44
global.js,97,js,c2114031,kyradeng,2025-01-30,00:34:52,-08:00,2025-01-30T00:34:52-08:00,0,48
global.js,98,js,c2114031,kyradeng,2025-01-30,00:34:52,-08:00,2025-01-30T00:34:52-08:00,0,0
global.js,99,js,c2114031,kyradeng,2025-01-30,00:34:52,-08:00,2025-01-30T00:34:52-08:00,0,0
global.js,100,js,3ae46442,kyradeng,2025-01-24,21:00:34,-08:00,2025-01-24T21:00:34-08:00,0,49
global.js,101,js,3ae46442,kyradeng,2025-01-24,21:00:34,-08:00,2025-01-24T21:00:34-08:00,0,71
global.js,102,js,ef4ca338,kyradeng,2025-01-24,19:47:34,-08:00,2025-01-24T19:47:34-08:00,0,27
global.js,103,js,3ae46442,kyradeng,2025-01-24,21:00:34,-08:00,2025-01-24T21:00:34-08:00,0,0
global.js,104,js,c49f1eab,kyradeng,2025-01-24,21:22:40,-08:00,2025-01-24T21:22:40-08:00,0,26
global.js,105,js,c49f1eab,kyradeng,2025-01-24,21:22:40,-08:00,2025-01-24T21:22:40-08:00,0,0
global.js,106,js,3ae46442,kyradeng,2025-01-24,21:00:34,-08:00,2025-01-24T21:00:34-08:00,0,88
global.js,107,js,c2114031,kyradeng,2025-01-30,00:34:52,-08:00,2025-01-30T00:34:52-08:00,0,58
global.js,108,js,c2114031,kyradeng,2025-01-30,00:34:52,-08:00,2025-01-30T00:34:52-08:00,0,61
global.js,109,js,c2114031,kyradeng,2025-01-30,00:34:52,-08:00,2025-01-30T00:34:52-08:00,0,0
global.js,110,js,c2114031,kyradeng,2025-01-30,00:34:52,-08:00,2025-01-30T00:34:52-08:00,0,2
global.js,111,js,3ae46442,kyradeng,2025-01-24,21:00:34,-08:00,2025-01-24T21:00:34-08:00,0,0
global.js,112,js,3ae46442,kyradeng,2025-01-24,21:00:34,-08:00,2025-01-24T21:00:34-08:00,0,39
global.js,113,js,3ae46442,kyradeng,2025-01-24,21:00:34,-08:00,2025-01-24T21:00:34-08:00,0,50
global.js,114,js,3ae46442,kyradeng,2025-01-24,21:00:34,-08:00,2025-01-24T21:00:34-08:00,0,34
global.js,115,js,3ae46442,kyradeng,2025-01-24,21:00:34,-08:00,2025-01-24T21:00:34-08:00,0,2
global.js,116,js,c2114031,kyradeng,2025-01-30,00:34:52,-08:00,2025-01-30T00:34:52-08:00,0,0
global.js,117,js,c2114031,kyradeng,2025-01-30,00:34:52,-08:00,2025-01-30T00:34:52-08:00,0,37
global.js,118,js,c2114031,kyradeng,2025-01-30,00:34:52,-08:00,2025-01-30T00:34:52-08:00,0,4
global.js,119,js,c2114031,kyradeng,2025-01-30,00:34:52,-08:00,2025-01-30T00:34:52-08:00,0,40
global.js,120,js,c2114031,kyradeng,2025-01-30,00:34:52,-08:00,2025-01-30T00:34:52-08:00,0,33
global.js,121,js,c2114031,kyradeng,2025-01-30,00:34:52,-08:00,2025-01-30T00:34:52-08:00,0,18
global.js,122,js,c2114031,kyradeng,2025-01-30,00:34:52,-08:00,2025-01-30T00:34:52-08:00,0,67
global.js,123,js,c2114031,kyradeng,2025-01-30,00:34:52,-08:00,2025-01-30T00:34:52-08:00,0,0
global.js,124,js,c2114031,kyradeng,2025-01-30,00:34:52,-08:00,2025-01-30T00:34:52-08:00,0,34
global.js,125,js,c2114031,kyradeng,2025-01-30,00:34:52,-08:00,2025-01-30T00:34:52-08:00,0,11
global.js,126,js,c2114031,kyradeng,2025-01-30,00:34:52,-08:00,2025-01-30T00:34:52-08:00,0,0
global.js,127,js,c2114031,kyradeng,2025-01-30,00:34:52,-08:00,2025-01-30T00:34:52-08:00,0,0
global.js,128,js,c2114031,kyradeng,2025-01-30,00:34:52,-08:00,2025-01-30T00:34:52-08:00,0,16
global.js,129,js,c2114031,kyradeng,2025-01-30,00:34:52,-08:00,2025-01-30T00:34:52-08:00,0,60
global.js,130,js,c2114031,kyradeng,2025-01-30,00:34:52,-08:00,2025-01-30T00:34:52-08:00,0,0
global.js,131,js,c2114031,kyradeng,2025-01-30,00:34:52,-08:00,2025-01-30T00:34:52-08:00,0,0
global.js,132,js,c2114031,kyradeng,2025-01-30,00:34:52,-08:00,2025-01-30T00:34:52-08:00,0,0
global.js,133,js,c2114031,kyradeng,2025-01-30,00:34:52,-08:00,2025-01-30T00:34:52-08:00,0,0
global.js,134,js,c2114031,kyradeng,2025-01-30,00:34:52,-08:00,2025-01-30T00:34:52-08:00,0,79
global.js,135,js,c2114031,kyradeng,2025-01-30,00:34:52,-08:00,2025-01-30T00:34:52-08:00,0,31
global.js,136,js,c2114031,kyradeng,2025-01-30,00:34:52,-08:00,2025-01-30T00:34:52-08:00,0,27
global.js,137,js,c2114031,kyradeng,2025-01-30,00:34:52,-08:00,2025-01-30T00:34:52-08:00,0,49
global.js,138,js,c2114031,kyradeng,2025-01-30,00:34:52,-08:00,2025-01-30T00:34:52-08:00,0,0
global.js,139,js,c2114031,kyradeng,2025-01-30,00:34:52,-08:00,2025-01-30T00:34:52-08:00,0,20
global.js,140,js,2237946f,kyradeng,2025-01-30,23:58:27,-08:00,2025-01-30T23:58:27-08:00,0,68
global.js,141,js,c2114031,kyradeng,2025-01-30,00:34:52,-08:00,2025-01-30T00:34:52-08:00,0,50
global.js,142,js,c2114031,kyradeng,2025-01-30,00:34:52,-08:00,2025-01-30T00:34:52-08:00,0,28
global.js,143,js,c2114031,kyradeng,2025-01-30,00:34:52,-08:00,2025-01-30T00:34:52-08:00,0,1
global.js,144,js,c2114031,kyradeng,2025-01-30,00:34:52,-08:00,2025-01-30T00:34:52-08:00,0,0
global.js,145,js,c2114031,kyradeng,2025-01-30,00:34:52,-08:00,2025-01-30T00:34:52-08:00,0,37
global.js,146,js,c2114031,kyradeng,2025-01-30,00:34:52,-08:00,2025-01-30T00:34:52-08:00,0,2
global.js,147,js,c2114031,kyradeng,2025-01-30,00:34:52,-08:00,2025-01-30T00:34:52-08:00,0,62
global.js,148,js,c2114031,kyradeng,2025-01-30,00:34:52,-08:00,2025-01-30T00:34:52-08:00,0,18
global.js,149,js,c2114031,kyradeng,2025-01-30,00:34:52,-08:00,2025-01-30T00:34:52-08:00,0,55
global.js,150,js,c2114031,kyradeng,2025-01-30,00:34:52,-08:00,2025-01-30T00:34:52-08:00,0,0
global.js,151,js,c2114031,kyradeng,2025-01-30,00:34:52,-08:00,2025-01-30T00:34:52-08:00,0,0
global.js,152,js,c2114031,kyradeng,2025-01-30,00:34:52,-08:00,2025-01-30T00:34:52-08:00,0,0
global.js,153,js,b73ace09,kyradeng,2025-01-30,23:48:17,-08:00,2025-01-30T23:48:17-08:00,0,83
global.js,154,js,b73ace09,kyradeng,2025-01-30,23:48:17,-08:00,2025-01-30T23:48:17-08:00,0,31
global.js,155,js,b73ace09,kyradeng,2025-01-30,23:48:17,-08:00,2025-01-30T23:48:17-08:00,0,27
global.js,156,js,b73ace09,kyradeng,2025-01-30,23:48:17,-08:00,2025-01-30T23:48:17-08:00,0,49
global.js,157,js,b73ace09,kyradeng,2025-01-30,23:48:17,-08:00,2025-01-30T23:48:17-08:00,0,0
global.js,158,js,b73ace09,kyradeng,2025-01-30,23:48:17,-08:00,2025-01-30T23:48:17-08:00,0,20
global.js,159,js,2237946f,kyradeng,2025-01-30,23:58:27,-08:00,2025-01-30T23:58:27-08:00,0,68
global.js,160,js,9b652fcb,kyradeng,2025-01-31,00:13:40,-08:00,2025-01-31T00:13:40-08:00,0,56
global.js,161,js,b73ace09,kyradeng,2025-01-30,23:48:17,-08:00,2025-01-30T23:48:17-08:00,0,28
global.js,162,js,b73ace09,kyradeng,2025-01-30,23:48:17,-08:00,2025-01-30T23:48:17-08:00,0,1
global.js,163,js,b73ace09,kyradeng,2025-01-30,23:48:17,-08:00,2025-01-30T23:48:17-08:00,0,0
global.js,164,js,b73ace09,kyradeng,2025-01-30,23:48:17,-08:00,2025-01-30T23:48:17-08:00,0,37
global.js,165,js,b73ace09,kyradeng,2025-01-30,23:48:17,-08:00,2025-01-30T23:48:17-08:00,0,2
global.js,166,js,b73ace09,kyradeng,2025-01-30,23:48:17,-08:00,2025-01-30T23:48:17-08:00,0,62
global.js,167,js,b73ace09,kyradeng,2025-01-30,23:48:17,-08:00,2025-01-30T23:48:17-08:00,0,18
global.js,168,js,b73ace09,kyradeng,2025-01-30,23:48:17,-08:00,2025-01-30T23:48:17-08:00,0,55
global.js,169,js,b73ace09,kyradeng,2025-01-30,23:48:17,-08:00,2025-01-30T23:48:17-08:00,0,0
global.js,170,js,b73ace09,kyradeng,2025-01-30,23:48:17,-08:00,2025-01-30T23:48:17-08:00,0,0
global.js,171,js,b73ace09,kyradeng,2025-01-30,23:48:17,-08:00,2025-01-30T23:48:17-08:00,0,0
global.js,172,js,c2114031,kyradeng,2025-01-30,00:34:52,-08:00,2025-01-30T00:34:52-08:00,0,48
global.js,173,js,c2114031,kyradeng,2025-01-30,00:34:52,-08:00,2025-01-30T00:34:52-08:00,0,60
global.js,174,js,c2114031,kyradeng,2025-01-30,00:34:52,-08:00,2025-01-30T00:34:52-08:00,0,0
resume/index.html,1,html,8ceaeb50,kyradeng,2025-01-10,21:09:55,-08:00,2025-01-10T21:09:55-08:00,0,14
resume/index.html,2,html,d0aa2f13,kyradeng,2025-01-24,00:39:36,-08:00,2025-01-24T00:39:36-08:00,0,15
resume/index.html,3,html,d0aa2f13,kyradeng,2025-01-24,00:39:36,-08:00,2025-01-24T00:39:36-08:00,0,5
resume/index.html,4,html,d0aa2f13,kyradeng,2025-01-24,00:39:36,-08:00,2025-01-24T00:39:36-08:00,0,21
resume/index.html,5,html,d0aa2f13,kyradeng,2025-01-24,00:39:36,-08:00,2025-01-24T00:39:36-08:00,0,69
resume/index.html,6,html,d0aa2f13,kyradeng,2025-01-24,00:39:36,-08:00,2025-01-24T00:39:36-08:00,0,20
resume/index.html,7,html,d0aa2f13,kyradeng,2025-01-24,00:39:36,-08:00,2025-01-24T00:39:36-08:00,0,42
resume/index.html,8,html,d0aa2f13,kyradeng,2025-01-24,00:39:36,-08:00,2025-01-24T00:39:36-08:00,0,6
resume/index.html,9,html,d0aa2f13,kyradeng,2025-01-24,00:39:36,-08:00,2025-01-24T00:39:36-08:00,0,5
resume/index.html,10,html,d0aa2f13,kyradeng,2025-01-24,00:39:36,-08:00,2025-01-24T00:39:36-08:00,0,71
resume/index.html,11,html,d0aa2f13,kyradeng,2025-01-24,00:39:36,-08:00,2025-01-24T00:39:36-08:00,0,17
resume/index.html,12,html,d0aa2f13,kyradeng,2025-01-24,00:39:36,-08:00,2025-01-24T00:39:36-08:00,0,169
resume/index.html,13,html,d0aa2f13,kyradeng,2025-01-24,00:39:36,-08:00,2025-01-24T00:39:36-08:00,0,0
resume/index.html,14,html,d0aa2f13,kyradeng,2025-01-24,00:39:36,-08:00,2025-01-24T00:39:36-08:00,0,25
resume/index.html,15,html,d0aa2f13,kyradeng,2025-01-24,00:39:36,-08:00,2025-01-24T00:39:36-08:00,0,23
resume/index.html,16,html,d0aa2f13,kyradeng,2025-01-24,00:39:36,-08:00,2025-01-24T00:39:36-08:00,0,17
resume/index.html,17,html,d0aa2f13,kyradeng,2025-01-24,00:39:36,-08:00,2025-01-24T00:39:36-08:00,0,58
resume/index.html,18,html,d0aa2f13,kyradeng,2025-01-24,00:39:36,-08:00,2025-01-24T00:39:36-08:00,0,68
resume/index.html,19,html,d0aa2f13,kyradeng,2025-01-24,00:39:36,-08:00,2025-01-24T00:39:36-08:00,0,36
resume/index.html,20,html,d0aa2f13,kyradeng,2025-01-24,00:39:36,-08:00,2025-01-24T00:39:36-08:00,0,9
resume/index.html,21,html,d0aa2f13,kyradeng,2025-01-24,00:39:36,-08:00,2025-01-24T00:39:36-08:00,0,0
resume/index.html,22,html,d0aa2f13,kyradeng,2025-01-24,00:39:36,-08:00,2025-01-24T00:39:36-08:00,0,26
resume/index.html,23,html,d0aa2f13,kyradeng,2025-01-24,00:39:36,-08:00,2025-01-24T00:39:36-08:00,0,24
resume/index.html,24,html,d0aa2f13,kyradeng,2025-01-24,00:39:36,-08:00,2025-01-24T00:39:36-08:00,0,18
resume/index.html,25,html,d0aa2f13,kyradeng,2025-01-24,00:39:36,-08:00,2025-01-24T00:39:36-08:00,0,0
resume/index.html,26,html,d0aa2f13,kyradeng,2025-01-24,00:39:36,-08:00,2025-01-24T00:39:36-08:00,0,31
resume/index.html,27,html,d0aa2f13,kyradeng,2025-01-24,00:39:36,-08:00,2025-01-24T00:39:36-08:00,0,8
resume/index.html,28,html,d0aa2f13,kyradeng,2025-01-24,00:39:36,-08:00,2025-01-24T00:39:36-08:00,0,7
resume/index.html,29,html,d0aa2f13,kyradeng,2025-01-24,00:39:36,-08:00,2025-01-24T00:39:36-08:00,0,72
resume/index.html,30,html,d0aa2f13,kyradeng,2025-01-24,00:39:36,-08:00,2025-01-24T00:39:36-08:00,0,52
resume/index.html,31,html,d0aa2f13,kyradeng,2025-01-24,00:39:36,-08:00,2025-01-24T00:39:36-08:00,0,8
resume/index.html,32,html,d0aa2f13,kyradeng,2025-01-24,00:39:36,-08:00,2025-01-24T00:39:36-08:00,0,3
resume/index.html,33,html,d0aa2f13,kyradeng,2025-01-24,00:39:36,-08:00,2025-01-24T00:39:36-08:00,0,119
resume/index.html,34,html,d0aa2f13,kyradeng,2025-01-24,00:39:36,-08:00,2025-01-24T00:39:36-08:00,0,127
resume/index.html,35,html,d0aa2f13,kyradeng,2025-01-24,00:39:36,-08:00,2025-01-24T00:39:36-08:00,0,91
resume/index.html,36,html,d0aa2f13,kyradeng,2025-01-24,00:39:36,-08:00,2025-01-24T00:39:36-08:00,0,4
resume/index.html,37,html,d0aa2f13,kyradeng,2025-01-24,00:39:36,-08:00,2025-01-24T00:39:36-08:00,0,9
resume/index.html,38,html,d0aa2f13,kyradeng,2025-01-24,00:39:36,-08:00,2025-01-24T00:39:36-08:00,0,0
resume/index.html,39,html,d0aa2f13,kyradeng,2025-01-24,00:39:36,-08:00,2025-01-24T00:39:36-08:00,0,26
resume/index.html,40,html,d0aa2f13,kyradeng,2025-01-24,00:39:36,-08:00,2025-01-24T00:39:36-08:00,0,8
resume/index.html,41,html,d0aa2f13,kyradeng,2025-01-24,00:39:36,-08:00,2025-01-24T00:39:36-08:00,0,7
resume/index.html,42,html,d0aa2f13,kyradeng,2025-01-24,00:39:36,-08:00,2025-01-24T00:39:36-08:00,0,53
resume/index.html,43,html,d0aa2f13,kyradeng,2025-01-24,00:39:36,-08:00,2025-01-24T00:39:36-08:00,0,45
resume/index.html,44,html,d0aa2f13,kyradeng,2025-01-24,00:39:36,-08:00,2025-01-24T00:39:36-08:00,0,8
resume/index.html,45,html,d0aa2f13,kyradeng,2025-01-24,00:39:36,-08:00,2025-01-24T00:39:36-08:00,0,3
resume/index.html,46,html,d0aa2f13,kyradeng,2025-01-24,00:39:36,-08:00,2025-01-24T00:39:36-08:00,0,133
resume/index.html,47,html,d0aa2f13,kyradeng,2025-01-24,00:39:36,-08:00,2025-01-24T00:39:36-08:00,0,132
resume/index.html,48,html,d0aa2f13,kyradeng,2025-01-24,00:39:36,-08:00,2025-01-24T00:39:36-08:00,0,125
resume/index.html,49,html,d0aa2f13,kyradeng,2025-01-24,00:39:36,-08:00,2025-01-24T00:39:36-08:00,0,104
resume/index.html,50,html,d0aa2f13,kyradeng,2025-01-24,00:39:36,-08:00,2025-01-24T00:39:36-08:00,0,175
resume/index.html,51,html,d0aa2f13,kyradeng,2025-01-24,00:39:36,-08:00,2025-01-24T00:39:36-08:00,0,4
resume/index.html,52,html,d0aa2f13,kyradeng,2025-01-24,00:39:36,-08:00,2025-01-24T00:39:36-08:00,0,9
resume/index.html,53,html,d0aa2f13,kyradeng,2025-01-24,00:39:36,-08:00,2025-01-24T00:39:36-08:00,0,0
resume/index.html,54,html,d0aa2f13,kyradeng,2025-01-24,00:39:36,-08:00,2025-01-24T00:39:36-08:00,0,22
resume/index.html,55,html,d0aa2f13,kyradeng,2025-01-24,00:39:36,-08:00,2025-01-24T00:39:36-08:00,0,8
resume/index.html,56,html,d0aa2f13,kyradeng,2025-01-24,00:39:36,-08:00,2025-01-24T00:39:36-08:00,0,7
resume/index.html,57,html,d0aa2f13,kyradeng,2025-01-24,00:39:36,-08:00,2025-01-24T00:39:36-08:00,0,19
resume/index.html,58,html,d0aa2f13,kyradeng,2025-01-24,00:39:36,-08:00,2025-01-24T00:39:36-08:00,0,49
resume/index.html,59,html,d0aa2f13,kyradeng,2025-01-24,00:39:36,-08:00,2025-01-24T00:39:36-08:00,0,8
resume/index.html,60,html,d0aa2f13,kyradeng,2025-01-24,00:39:36,-08:00,2025-01-24T00:39:36-08:00,0,3
resume/index.html,61,html,d0aa2f13,kyradeng,2025-01-24,00:39:36,-08:00,2025-01-24T00:39:36-08:00,0,103
resume/index.html,62,html,d0aa2f13,kyradeng,2025-01-24,00:39:36,-08:00,2025-01-24T00:39:36-08:00,0,89
resume/index.html,63,html,d0aa2f13,kyradeng,2025-01-24,00:39:36,-08:00,2025-01-24T00:39:36-08:00,0,87
resume/index.html,64,html,d0aa2f13,kyradeng,2025-01-24,00:39:36,-08:00,2025-01-24T00:39:36-08:00,0,167
resume/index.html,65,html,d0aa2f13,kyradeng,2025-01-24,00:39:36,-08:00,2025-01-24T00:39:36-08:00,0,4
resume/index.html,66,html,d0aa2f13,kyradeng,2025-01-24,00:39:36,-08:00,2025-01-24T00:39:36-08:00,0,9
resume/index.html,67,html,d0aa2f13,kyradeng,2025-01-24,00:39:36,-08:00,2025-01-24T00:39:36-08:00,0,9
resume/index.html,68,html,d0aa2f13,kyradeng,2025-01-24,00:39:36,-08:00,2025-01-24T00:39:36-08:00,0,0
resume/index.html,69,html,d0aa2f13,kyradeng,2025-01-24,00:39:36,-08:00,2025-01-24T00:39:36-08:00,0,24
resume/index.html,70,html,d0aa2f13,kyradeng,2025-01-24,00:39:36,-08:00,2025-01-24T00:39:36-08:00,0,22
resume/index.html,71,html,d0aa2f13,kyradeng,2025-01-24,00:39:36,-08:00,2025-01-24T00:39:36-08:00,0,16
resume/index.html,72,html,d0aa2f13,kyradeng,2025-01-24,00:39:36,-08:00,2025-01-24T00:39:36-08:00,0,0
resume/index.html,73,html,d0aa2f13,kyradeng,2025-01-24,00:39:36,-08:00,2025-01-24T00:39:36-08:00,0,32
resume/index.html,74,html,d0aa2f13,kyradeng,2025-01-24,00:39:36,-08:00,2025-01-24T00:39:36-08:00,0,8
resume/index.html,75,html,d0aa2f13,kyradeng,2025-01-24,00:39:36,-08:00,2025-01-24T00:39:36-08:00,0,7
resume/index.html,76,html,d0aa2f13,kyradeng,2025-01-24,00:39:36,-08:00,2025-01-24T00:39:36-08:00,0,24
resume/index.html,77,html,d0aa2f13,kyradeng,2025-01-24,00:39:36,-08:00,2025-01-24T00:39:36-08:00,0,16
resume/index.html,78,html,d0aa2f13,kyradeng,2025-01-24,00:39:36,-08:00,2025-01-24T00:39:36-08:00,0,8
resume/index.html,79,html,8ceaeb50,kyradeng,2025-01-10,21:09:55,-08:00,2025-01-10T21:09:55-08:00,0,3
resume/index.html,80,html,d0aa2f13,kyradeng,2025-01-24,00:39:36,-08:00,2025-01-24T00:39:36-08:00,0,124
resume/index.html,81,html,d0aa2f13,kyradeng,2025-01-24,00:39:36,-08:00,2025-01-24T00:39:36-08:00,0,152
resume/index.html,82,html,8ceaeb50,kyradeng,2025-01-10,21:09:55,-08:00,2025-01-10T21:09:55-08:00,0,4
resume/index.html,83,html,d0aa2f13,kyradeng,2025-01-24,00:39:36,-08:00,2025-01-24T00:39:36-08:00,0,9
resume/index.html,84,html,d0aa2f13,kyradeng,2025-01-24,00:39:36,-08:00,2025-01-24T00:39:36-08:00,0,0
resume/index.html,85,html,d0aa2f13,kyradeng,2025-01-24,00:39:36,-08:00,2025-01-24T00:39:36-08:00,0,34
resume/index.html,86,html,d0aa2f13,kyradeng,2025-01-24,00:39:36,-08:00,2025-01-24T00:39:36-08:00,0,8
resume/index.html,87,html,d0aa2f13,kyradeng,2025-01-24,00:39:36,-08:00,2025-01-24T00:39:36-08:00,0,7
resume/index.html,88,html,d0aa2f13,kyradeng,2025-01-24,00:39:36,-08:00,2025-01-24T00:39:36-08:00,0,61
resume/index.html,89,html,d0aa2f13,kyradeng,2025-01-24,00:39:36,-08:00,2025-01-24T00:39:36-08:00,0,14
resume/index.html,90,html,d0aa2f13,kyradeng,2025-01-24,00:39:36,-08:00,2025-01-24T00:39:36-08:00,0,8
resume/index.html,91,html,d0aa2f13,kyradeng,2025-01-24,00:39:36,-08:00,2025-01-24T00:39:36-08:00,0,3
resume/index.html,92,html,d0aa2f13,kyradeng,2025-01-24,00:39:36,-08:00,2025-01-24T00:39:36-08:00,0,230
resume/index.html,93,html,d0aa2f13,kyradeng,2025-01-24,00:39:36,-08:00,2025-01-24T00:39:36-08:00,0,231
resume/index.html,94,html,d0aa2f13,kyradeng,2025-01-24,00:39:36,-08:00,2025-01-24T00:39:36-08:00,0,109
resume/index.html,95,html,d0aa2f13,kyradeng,2025-01-24,00:39:36,-08:00,2025-01-24T00:39:36-08:00,0,4
resume/index.html,96,html,d0aa2f13,kyradeng,2025-01-24,00:39:36,-08:00,2025-01-24T00:39:36-08:00,0,9
resume/index.html,97,html,d0aa2f13,kyradeng,2025-01-24,00:39:36,-08:00,2025-01-24T00:39:36-08:00,0,9
resume/index.html,98,html,d0aa2f13,kyradeng,2025-01-24,00:39:36,-08:00,2025-01-24T00:39:36-08:00,0,0
resume/index.html,99,html,d0aa2f13,kyradeng,2025-01-24,00:39:36,-08:00,2025-01-24T00:39:36-08:00,0,27
resume/index.html,100,html,d0aa2f13,kyradeng,2025-01-24,00:39:36,-08:00,2025-01-24T00:39:36-08:00,0,25
resume/index.html,101,html,d0aa2f13,kyradeng,2025-01-24,00:39:36,-08:00,2025-01-24T00:39:36-08:00,0,19
resume/index.html,102,html,d0aa2f13,kyradeng,2025-01-24,00:39:36,-08:00,2025-01-24T00:39:36-08:00,0,0
resume/index.html,103,html,d0aa2f13,kyradeng,2025-01-24,00:39:36,-08:00,2025-01-24T00:39:36-08:00,0,44
resume/index.html,104,html,d0aa2f13,kyradeng,2025-01-24,00:39:36,-08:00,2025-01-24T00:39:36-08:00,0,8
resume/index.html,105,html,d0aa2f13,kyradeng,2025-01-24,00:39:36,-08:00,2025-01-24T00:39:36-08:00,0,7
resume/index.html,106,html,d0aa2f13,kyradeng,2025-01-24,00:39:36,-08:00,2025-01-24T00:39:36-08:00,0,44
resume/index.html,107,html,d0aa2f13,kyradeng,2025-01-24,00:39:36,-08:00,2025-01-24T00:39:36-08:00,0,25
resume/index.html,108,html,d0aa2f13,kyradeng,2025-01-24,00:39:36,-08:00,2025-01-24T00:39:36-08:00,0,8
resume/index.html,109,html,d0aa2f13,kyradeng,2025-01-24,00:39:36,-08:00,2025-01-24T00:39:36-08:00,0,3
resume/index.html,110,html,d0aa2f13,kyradeng,2025-01-24,00:39:36,-08:00,2025-01-24T00:39:36-08:00,0,179
resume/index.html,111,html,d0aa2f13,kyradeng,2025-01-24,00:39:36,-08:00,2025-01-24T00:39:36-08:00,0,131
resume/index.html,112,html,d0aa2f13,kyradeng,2025-01-24,00:39:36,-08:00,2025-01-24T00:39:36-08:00,0,4
resume/index.html,113,html,d0aa2f13,kyradeng,2025-01-24,00:39:36,-08:00,2025-01-24T00:39:36-08:00,0,9
resume/index.html,114,html,d0aa2f13,kyradeng,2025-01-24,00:39:36,-08:00,2025-01-24T00:39:36-08:00,0,0
resume/index.html,115,html,d0aa2f13,kyradeng,2025-01-24,00:39:36,-08:00,2025-01-24T00:39:36-08:00,0,35
resume/index.html,116,html,d0aa2f13,kyradeng,2025-01-24,00:39:36,-08:00,2025-01-24T00:39:36-08:00,0,8
resume/index.html,117,html,d0aa2f13,kyradeng,2025-01-24,00:39:36,-08:00,2025-01-24T00:39:36-08:00,0,7
resume/index.html,118,html,d0aa2f13,kyradeng,2025-01-24,00:39:36,-08:00,2025-01-24T00:39:36-08:00,0,35
resume/index.html,119,html,d0aa2f13,kyradeng,2025-01-24,00:39:36,-08:00,2025-01-24T00:39:36-08:00,0,25
resume/index.html,120,html,d0aa2f13,kyradeng,2025-01-24,00:39:36,-08:00,2025-01-24T00:39:36-08:00,0,8
resume/index.html,121,html,d0aa2f13,kyradeng,2025-01-24,00:39:36,-08:00,2025-01-24T00:39:36-08:00,0,3
resume/index.html,122,html,d0aa2f13,kyradeng,2025-01-24,00:39:36,-08:00,2025-01-24T00:39:36-08:00,0,95
resume/index.html,123,html,d0aa2f13,kyradeng,2025-01-24,00:39:36,-08:00,2025-01-24T00:39:36-08:00,0,113
resume/index.html,124,html,d0aa2f13,kyradeng,2025-01-24,00:39:36,-08:00,2025-01-24T00:39:36-08:00,0,105
resume/index.html,125,html,d0aa2f13,kyradeng,2025-01-24,00:39:36,-08:00,2025-01-24T00:39:36-08:00,0,4
resume/index.html,126,html,d0aa2f13,kyradeng,2025-01-24,00:39:36,-08:00,2025-01-24T00:39:36-08:00,0,9
resume/index.html,127,html,d0aa2f13,kyradeng,2025-01-24,00:39:36,-08:00,2025-01-24T00:39:36-08:00,0,9
resume/index.html,128,html,d0aa2f13,kyradeng,2025-01-24,00:39:36,-08:00,2025-01-24T00:39:36-08:00,0,0
resume/index.html,129,html,d0aa2f13,kyradeng,2025-01-24,00:39:36,-08:00,2025-01-24T00:39:36-08:00,0,22
resume/index.html,130,html,d0aa2f13,kyradeng,2025-01-24,00:39:36,-08:00,2025-01-24T00:39:36-08:00,0,20
resume/index.html,131,html,d0aa2f13,kyradeng,2025-01-24,00:39:36,-08:00,2025-01-24T00:39:36-08:00,0,14
resume/index.html,132,html,d0aa2f13,kyradeng,2025-01-24,00:39:36,-08:00,2025-01-24T00:39:36-08:00,0,3
resume/index.html,133,html,d0aa2f13,kyradeng,2025-01-24,00:39:36,-08:00,2025-01-24T00:39:36-08:00,0,40
resume/index.html,134,html,d0aa2f13,kyradeng,2025-01-24,00:39:36,-08:00,2025-01-24T00:39:36-08:00,0,43
resume/index.html,135,html,d0aa2f13,kyradeng,2025-01-24,00:39:36,-08:00,2025-01-24T00:39:36-08:00,0,44
resume/index.html,136,html,d0aa2f13,kyradeng,2025-01-24,00:39:36,-08:00,2025-01-24T00:39:36-08:00,0,4
resume/index.html,137,html,d0aa2f13,kyradeng,2025-01-24,00:39:36,-08:00,2025-01-24T00:39:36-08:00,0,9
resume/index.html,138,html,d0aa2f13,kyradeng,2025-01-24,00:39:36,-08:00,2025-01-24T00:39:36-08:00,0,0
resume/index.html,139,html,d2fe5882,kyradeng,2025-01-24,17:42:25,-08:00,2025-01-24T17:42:25-08:00,0,49
resume/index.html,140,html,d0aa2f13,kyradeng,2025-01-24,00:39:36,-08:00,2025-01-24T00:39:36-08:00,0,0
resume/index.html,141,html,d0aa2f13,kyradeng,2025-01-24,00:39:36,-08:00,2025-01-24T00:39:36-08:00,0,6
resume/index.html,142,html,8ceaeb50,kyradeng,2025-01-10,21:09:55,-08:00,2025-01-10T21:09:55-08:00,0,6
projects/projects.js,1,js,b73ace09,kyradeng,2025-01-30,23:48:17,-08:00,2025-01-30T23:48:17-08:00,0,60
projects/projects.js,2,js,2ca25adb,kyradeng,2025-02-07,16:58:33,-08:00,2025-02-07T16:58:33-08:00,0,64
projects/projects.js,3,js,c2114031,kyradeng,2025-01-30,00:34:52,-08:00,2025-01-30T00:34:52-08:00,0,0
projects/projects.js,4,js,c2114031,kyradeng,2025-01-30,00:34:52,-08:00,2025-01-30T00:34:52-08:00,0,56
projects/projects.js,5,js,c2114031,kyradeng,2025-01-30,00:34:52,-08:00,2025-01-30T00:34:52-08:00,0,61
projects/projects.js,6,js,b73ace09,kyradeng,2025-01-30,23:48:17,-08:00,2025-01-30T23:48:17-08:00,0,53
projects/projects.js,7,js,2ca25adb,kyradeng,2025-02-07,16:58:33,-08:00,2025-02-07T16:58:33-08:00,0,0
projects/projects.js,8,js,2ca25adb,kyradeng,2025-02-07,16:58:33,-08:00,2025-02-07T16:58:33-08:00,0,48
projects/projects.js,9,js,2ca25adb,kyradeng,2025-02-07,16:58:33,-08:00,2025-02-07T16:58:33-08:00,0,14
projects/projects.js,10,js,2ca25adb,kyradeng,2025-02-07,16:58:33,-08:00,2025-02-07T16:58:33-08:00,0,54
projects/projects.js,11,js,2ca25adb,kyradeng,2025-02-07,16:58:33,-08:00,2025-02-07T16:58:33-08:00,0,22
projects/projects.js,12,js,2ca25adb,kyradeng,2025-02-07,16:58:33,-08:00,2025-02-07T16:58:33-08:00,0,0
projects/projects.js,13,js,2ca25adb,kyradeng,2025-02-07,16:58:33,-08:00,2025-02-07T16:58:33-08:00,0,49
projects/projects.js,14,js,2ca25adb,kyradeng,2025-02-07,16:58:33,-08:00,2025-02-07T16:58:33-08:00,0,44
projects/projects.js,15,js,2ca25adb,kyradeng,2025-02-07,16:58:33,-08:00,2025-02-07T16:58:33-08:00,0,0
projects/projects.js,16,js,2ca25adb,kyradeng,2025-02-07,16:58:33,-08:00,2025-02-07T16:58:33-08:00,0,36
projects/projects.js,17,js,2ca25adb,kyradeng,2025-02-07,16:58:33,-08:00,2025-02-07T16:58:33-08:00,0,52
projects/projects.js,18,js,2ca25adb,kyradeng,2025-02-07,16:58:33,-08:00,2025-02-07T16:58:33-08:00,0,60
projects/projects.js,19,js,2ca25adb,kyradeng,2025-02-07,16:58:33,-08:00,2025-02-07T16:58:33-08:00,0,43
projects/projects.js,20,js,2ca25adb,kyradeng,2025-02-07,16:58:33,-08:00,2025-02-07T16:58:33-08:00,0,2
projects/projects.js,21,js,2ca25adb,kyradeng,2025-02-07,16:58:33,-08:00,2025-02-07T16:58:33-08:00,0,0
projects/projects.js,22,js,2ca25adb,kyradeng,2025-02-07,16:58:33,-08:00,2025-02-07T16:58:33-08:00,0,29
projects/projects.js,23,js,2ca25adb,kyradeng,2025-02-07,16:58:33,-08:00,2025-02-07T16:58:33-08:00,0,61
projects/projects.js,24,js,2ca25adb,kyradeng,2025-02-07,16:58:33,-08:00,2025-02-07T16:58:33-08:00,0,31
projects/projects.js,25,js,2ca25adb,kyradeng,2025-02-07,16:58:33,-08:00,2025-02-07T16:58:33-08:00,0,2
projects/projects.js,26,js,2ca25adb,kyradeng,2025-02-07,16:58:33,-08:00,2025-02-07T16:58:33-08:00,0,0
projects/projects.js,27,js,2ca25adb,kyradeng,2025-02-07,16:58:33,-08:00,2025-02-07T16:58:33-08:00,0,39
projects/projects.js,28,js,2ca25adb,kyradeng,2025-02-07,16:58:33,-08:00,2025-02-07T16:58:33-08:00,0,30
projects/projects.js,29,js,2ca25adb,kyradeng,2025-02-07,16:58:33,-08:00,2025-02-07T16:58:33-08:00,0,13
projects/projects.js,30,js,2ca25adb,kyradeng,2025-02-07,16:58:33,-08:00,2025-02-07T16:58:33-08:00,0,15
projects/projects.js,31,js,2ca25adb,kyradeng,2025-02-07,16:58:33,-08:00,2025-02-07T16:58:33-08:00,0,12
projects/projects.js,32,js,2ca25adb,kyradeng,2025-02-07,16:58:33,-08:00,2025-02-07T16:58:33-08:00,0,1
projects/projects.js,33,js,2ca25adb,kyradeng,2025-02-07,16:58:33,-08:00,2025-02-07T16:58:33-08:00,0,0
projects/projects.js,34,js,2ca25adb,kyradeng,2025-02-07,16:58:33,-08:00,2025-02-07T16:58:33-08:00,0,52
projects/projects.js,35,js,2ca25adb,kyradeng,2025-02-07,16:58:33,-08:00,2025-02-07T16:58:33-08:00,0,4
projects/projects.js,36,js,2ca25adb,kyradeng,2025-02-07,16:58:33,-08:00,2025-02-07T16:58:33-08:00,0,11
projects/projects.js,37,js,2ca25adb,kyradeng,2025-02-07,16:58:33,-08:00,2025-02-07T16:58:33-08:00,0,3
projects/projects.js,38,js,2ca25adb,kyradeng,2025-02-07,16:58:33,-08:00,2025-02-07T16:58:33-08:00,0,0
projects/projects.js,39,js,2ca25adb,kyradeng,2025-02-07,16:58:33,-08:00,2025-02-07T16:58:33-08:00,0,52
projects/projects.js,40,js,2ca25adb,kyradeng,2025-02-07,16:58:33,-08:00,2025-02-07T16:58:33-08:00,0,43
projects/projects.js,41,js,2ca25adb,kyradeng,2025-02-07,16:58:33,-08:00,2025-02-07T16:58:33-08:00,0,59
projects/projects.js,42,js,2ca25adb,kyradeng,2025-02-07,16:58:33,-08:00,2025-02-07T16:58:33-08:00,0,0
projects/projects.js,43,js,2ca25adb,kyradeng,2025-02-07,16:58:33,-08:00,2025-02-07T16:58:33-08:00,0,26
projects/projects.js,44,js,2ca25adb,kyradeng,2025-02-07,16:58:33,-08:00,2025-02-07T16:58:33-08:00,0,73
projects/projects.js,45,js,2ca25adb,kyradeng,2025-02-07,16:58:33,-08:00,2025-02-07T16:58:33-08:00,0,0
projects/projects.js,46,js,2ca25adb,kyradeng,2025-02-07,16:58:33,-08:00,2025-02-07T16:58:33-08:00,0,29
projects/projects.js,47,js,2ca25adb,kyradeng,2025-02-07,16:58:33,-08:00,2025-02-07T16:58:33-08:00,0,17
projects/projects.js,48,js,2ca25adb,kyradeng,2025-02-07,16:58:33,-08:00,2025-02-07T16:58:33-08:00,0,26
projects/projects.js,49,js,2ca25adb,kyradeng,2025-02-07,16:58:33,-08:00,2025-02-07T16:58:33-08:00,0,23
projects/projects.js,50,js,2ca25adb,kyradeng,2025-02-07,16:58:33,-08:00,2025-02-07T16:58:33-08:00,0,22
projects/projects.js,51,js,2ca25adb,kyradeng,2025-02-07,16:58:33,-08:00,2025-02-07T16:58:33-08:00,0,23
projects/projects.js,52,js,2ca25adb,kyradeng,2025-02-07,16:58:33,-08:00,2025-02-07T16:58:33-08:00,0,19
projects/projects.js,53,js,2ca25adb,kyradeng,2025-02-07,16:58:33,-08:00,2025-02-07T16:58:33-08:00,0,44
projects/projects.js,54,js,2ca25adb,kyradeng,2025-02-07,16:58:33,-08:00,2025-02-07T16:58:33-08:00,0,39
projects/projects.js,55,js,2ca25adb,kyradeng,2025-02-07,16:58:33,-08:00,2025-02-07T16:58:33-08:00,0,2
projects/projects.js,56,js,2ca25adb,kyradeng,2025-02-07,16:58:33,-08:00,2025-02-07T16:58:33-08:00,0,2
projects/projects.js,57,js,2ca25adb,kyradeng,2025-02-07,16:58:33,-08:00,2025-02-07T16:58:33-08:00,0,0
projects/projects.js,58,js,2ca25adb,kyradeng,2025-02-07,16:58:33,-08:00,2025-02-07T16:58:33-08:00,0,33
projects/projects.js,59,js,2ca25adb,kyradeng,2025-02-07,16:58:33,-08:00,2025-02-07T16:58:33-08:00,0,31
projects/projects.js,60,js,2ca25adb,kyradeng,2025-02-07,16:58:33,-08:00,2025-02-07T16:58:33-08:00,0,0
projects/projects.js,61,js,2ca25adb,kyradeng,2025-02-07,16:58:33,-08:00,2025-02-07T16:58:33-08:00,0,26
projects/projects.js,62,js,2ca25adb,kyradeng,2025-02-07,16:58:33,-08:00,2025-02-07T16:58:33-08:00,0,18
projects/projects.js,63,js,2ca25adb,kyradeng,2025-02-07,16:58:33,-08:00,2025-02-07T16:58:33-08:00,0,78
projects/projects.js,64,js,2ca25adb,kyradeng,2025-02-07,16:58:33,-08:00,2025-02-07T16:58:33-08:00,0,68
projects/projects.js,65,js,2ca25adb,kyradeng,2025-02-07,16:58:33,-08:00,2025-02-07T16:58:33-08:00,0,26
projects/projects.js,66,js,2ca25adb,kyradeng,2025-02-07,16:58:33,-08:00,2025-02-07T16:58:33-08:00,0,19
projects/projects.js,67,js,2ca25adb,kyradeng,2025-02-07,16:58:33,-08:00,2025-02-07T16:58:33-08:00,0,44
projects/projects.js,68,js,2ca25adb,kyradeng,2025-02-07,16:58:33,-08:00,2025-02-07T16:58:33-08:00,0,39
projects/projects.js,69,js,2ca25adb,kyradeng,2025-02-07,16:58:33,-08:00,2025-02-07T16:58:33-08:00,0,2
projects/projects.js,70,js,2ca25adb,kyradeng,2025-02-07,16:58:33,-08:00,2025-02-07T16:58:33-08:00,0,2
projects/projects.js,71,js,2ca25adb,kyradeng,2025-02-07,16:58:33,-08:00,2025-02-07T16:58:33-08:00,0,0
projects/projects.js,72,js,2ca25adb,kyradeng,2025-02-07,16:58:33,-08:00,2025-02-07T16:58:33-08:00,0,0
projects/projects.js,73,js,2ca25adb,kyradeng,2025-02-07,16:58:33,-08:00,2025-02-07T16:58:33-08:00,0,33
projects/projects.js,74,js,2ca25adb,kyradeng,2025-02-07,16:58:33,-08:00,2025-02-07T16:58:33-08:00,0,24
projects/projects.js,75,js,2ca25adb,kyradeng,2025-02-07,16:58:33,-08:00,2025-02-07T16:58:33-08:00,0,0
projects/projects.js,76,js,2ca25adb,kyradeng,2025-02-07,16:58:33,-08:00,2025-02-07T16:58:33-08:00,0,50
projects/projects.js,77,js,2ca25adb,kyradeng,2025-02-07,16:58:33,-08:00,2025-02-07T16:58:33-08:00,0,51
projects/projects.js,78,js,2ca25adb,kyradeng,2025-02-07,16:58:33,-08:00,2025-02-07T16:58:33-08:00,0,53
projects/projects.js,79,js,2ca25adb,kyradeng,2025-02-07,16:58:33,-08:00,2025-02-07T16:58:33-08:00,0,57
projects/projects.js,80,js,2ca25adb,kyradeng,2025-02-07,16:58:33,-08:00,2025-02-07T16:58:33-08:00,0,32
projects/projects.js,81,js,2ca25adb,kyradeng,2025-02-07,16:58:33,-08:00,2025-02-07T16:58:33-08:00,0,2
projects/projects.js,82,js,2ca25adb,kyradeng,2025-02-07,16:58:33,-08:00,2025-02-07T16:58:33-08:00,0,0
projects/projects.js,83,js,2ca25adb,kyradeng,2025-02-07,16:58:33,-08:00,2025-02-07T16:58:33-08:00,0,49
projects/projects.js,84,js,2ca25adb,kyradeng,2025-02-07,16:58:33,-08:00,2025-02-07T16:58:33-08:00,0,26
projects/projects.js,85,js,2ca25adb,kyradeng,2025-02-07,16:58:33,-08:00,2025-02-07T16:58:33-08:00,0,75
projects/projects.js,86,js,2ca25adb,kyradeng,2025-02-07,16:58:33,-08:00,2025-02-07T16:58:33-08:00,0,7
projects/projects.js,87,js,2ca25adb,kyradeng,2025-02-07,16:58:33,-08:00,2025-02-07T16:58:33-08:00,0,46
projects/projects.js,88,js,2ca25adb,kyradeng,2025-02-07,16:58:33,-08:00,2025-02-07T16:58:33-08:00,0,71
projects/projects.js,89,js,2ca25adb,kyradeng,2025-02-07,16:58:33,-08:00,2025-02-07T16:58:33-08:00,0,0
projects/projects.js,90,js,2ca25adb,kyradeng,2025-02-07,16:58:33,-08:00,2025-02-07T16:58:33-08:00,0,47
projects/projects.js,91,js,2ca25adb,kyradeng,2025-02-07,16:58:33,-08:00,2025-02-07T16:58:33-08:00,0,41
projects/projects.js,92,js,2ca25adb,kyradeng,2025-02-07,16:58:33,-08:00,2025-02-07T16:58:33-08:00,0,56
projects/projects.js,93,js,2ca25adb,kyradeng,2025-02-07,16:58:33,-08:00,2025-02-07T16:58:33-08:00,0,1
projects/projects.js,94,js,2ca25adb,kyradeng,2025-02-07,16:58:33,-08:00,2025-02-07T16:58:33-08:00,0,0
projects/projects.js,95,js,2ca25adb,kyradeng,2025-02-07,16:58:33,-08:00,2025-02-07T16:58:33-08:00,0,61
projects/projects.js,96,js,2ca25adb,kyradeng,2025-02-07,16:58:33,-08:00,2025-02-07T16:58:33-08:00,0,0
projects/projects.js,97,js,2ca25adb,kyradeng,2025-02-07,16:58:33,-08:00,2025-02-07T16:58:33-08:00,0,0
projects/index.html,1,html,d719ca76,kyradeng,2025-01-10,21:05:52,-08:00,2025-01-10T21:05:52-08:00,0,14
projects/index.html,2,html,bc9ae4b3,kyradeng,2025-01-10,21:03:14,-08:00,2025-01-10T21:03:14-08:00,0,5
projects/index.html,3,html,d719ca76,kyradeng,2025-01-10,21:05:52,-08:00,2025-01-10T21:05:52-08:00,0,5
projects/index.html,4,html,d719ca76,kyradeng,2025-01-10,21:05:52,-08:00,2025-01-10T21:05:52-08:00,0,21
projects/index.html,5,html,d719ca76,kyradeng,2025-01-10,21:05:52,-08:00,2025-01-10T21:05:52-08:00,0,69
projects/index.html,6,html,d719ca76,kyradeng,2025-01-10,21:05:52,-08:00,2025-01-10T21:05:52-08:00,0,22
projects/index.html,7,html,9d332cbc,kyradeng,2025-01-16,19:52:38,-08:00,2025-01-16T19:52:38-08:00,0,42
projects/index.html,8,html,d719ca76,kyradeng,2025-01-10,21:05:52,-08:00,2025-01-10T21:05:52-08:00,0,6
projects/index.html,9,html,d0aa2f13,kyradeng,2025-01-24,00:39:36,-08:00,2025-01-24T00:39:36-08:00,0,5
projects/index.html,10,html,c2114031,kyradeng,2025-01-30,00:34:52,-08:00,2025-01-30T00:34:52-08:00,0,39
projects/index.html,11,html,2ca25adb,kyradeng,2025-02-07,16:58:33,-08:00,2025-02-07T16:58:33-08:00,0,22
projects/index.html,12,html,2ca25adb,kyradeng,2025-02-07,16:58:33,-08:00,2025-02-07T16:58:33-08:00,0,80
projects/index.html,13,html,2ca25adb,kyradeng,2025-02-07,16:58:33,-08:00,2025-02-07T16:58:33-08:00,0,5
projects/index.html,14,html,2ca25adb,kyradeng,2025-02-07,16:58:33,-08:00,2025-02-07T16:58:33-08:00,0,23
projects/index.html,15,html,2ca25adb,kyradeng,2025-02-07,16:58:33,-08:00,2025-02-07T16:58:33-08:00,0,5
projects/index.html,16,html,2ca25adb,kyradeng,2025-02-07,16:58:33,-08:00,2025-02-07T16:58:33-08:00,0,5
projects/index.html,17,html,2ca25adb,kyradeng,2025-02-07,16:58:33,-08:00,2025-02-07T16:58:33-08:00,0,16
projects/index.html,18,html,2ca25adb,kyradeng,2025-02-07,16:58:33,-08:00,2025-02-07T16:58:33-08:00,0,12
projects/index.html,19,html,2ca25adb,kyradeng,2025-02-07,16:58:33,-08:00,2025-02-07T16:58:33-08:00,0,27
projects/index.html,20,html,2ca25adb,kyradeng,2025-02-07,16:58:33,-08:00,2025-02-07T16:58:33-08:00,0,32
projects/index.html,21,html,2ca25adb,kyradeng,2025-02-07,16:58:33,-08:00,2025-02-07T16:58:33-08:00,0,1
projects/index.html,22,html,2ca25adb,kyradeng,2025-02-07,16:58:33,-08:00,2025-02-07T16:58:33-08:00,0,0
projects/index.html,23,html,d0aa2f13,kyradeng,2025-01-24,00:39:36,-08:00,2025-01-24T00:39:36-08:00,0,21
projects/index.html,24,html,c2114031,kyradeng,2025-01-30,00:34:52,-08:00,2025-01-30T00:34:52-08:00,0,49
projects/index.html,25,html,c2114031,kyradeng,2025-01-30,00:34:52,-08:00,2025-01-30T00:34:52-08:00,0,48
projects/index.html,26,html,d0aa2f13,kyradeng,2025-01-24,00:39:36,-08:00,2025-01-24T00:39:36-08:00,0,5
projects/index.html,27,html,d0aa2f13,kyradeng,2025-01-24,00:39:36,-08:00,2025-01-24T00:39:36-08:00,0,0
projects/index.html,28,html,d2fe5882,kyradeng,2025-01-24,17:42:25,-08:00,2025-01-24T17:42:25-08:00,0,49
projects/index.html,29,html,d0aa2f13,kyradeng,2025-01-24,00:39:36,-08:00,2025-01-24T00:39:36-08:00,0,6
projects/index.html,30,html,bc9ae4b3,kyradeng,2025-01-10,21:03:14,-08:00,2025-01-10T21:03:14-08:00,0,6
contact/index.html,1,html,d719ca76,kyradeng,2025-01-10,21:05:52,-08:00,2025-01-10T21:05:52-08:00,0,14
contact/index.html,2,html,d0aa2f13,kyradeng,2025-01-24,00:39:36,-08:00,2025-01-24T00:39:36-08:00,0,15
contact/index.html,3,html,d0aa2f13,kyradeng,2025-01-24,00:39:36,-08:00,2025-01-24T00:39:36-08:00,0,5
contact/index.html,4,html,d0aa2f13,kyradeng,2025-01-24,00:39:36,-08:00,2025-01-24T00:39:36-08:00,0,21
contact/index.html,5,html,d0aa2f13,kyradeng,2025-01-24,00:39:36,-08:00,2025-01-24T00:39:36-08:00,0,69
contact/index.html,6,html,d0aa2f13,kyradeng,2025-01-24,00:39:36,-08:00,2025-01-24T00:39:36-08:00,0,21
contact/index.html,7,html,d0aa2f13,kyradeng,2025-01-24,00:39:36,-08:00,2025-01-24T00:39:36-08:00,0,42
contact/index.html,8,html,d0aa2f13,kyradeng,2025-01-24,00:39:36,-08:00,2025-01-24T00:39:36-08:00,0,6
contact/index.html,9,html,d0aa2f13,kyradeng,2025-01-24,00:39:36,-08:00,2025-01-24T00:39:36-08:00,0,5
contact/index.html,10,html,d0aa2f13,kyradeng,2025-01-24,00:39:36,-08:00,2025-01-24T00:39:36-08:00,0,71
contact/index.html,11,html,bc9ae4b3,kyradeng,2025-01-10,21:03:14,-08:00,2025-01-10T21:03:14-08:00,0,15
contact/index.html,12,html,bc9ae4b3,kyradeng,2025-01-10,21:03:14,-08:00,2025-01-10T21:03:14-08:00,0,0
contact/index.html,13,html,bc9ae4b3,kyradeng,2025-01-10,21:03:14,-08:00,2025-01-10T21:03:14-08:00,0,72
contact/index.html,14,html,bc9ae4b3,kyradeng,2025-01-10,21:03:14,-08:00,2025-01-10T21:03:14-08:00,0,4
contact/index.html,15,html,bc9ae4b3,kyradeng,2025-01-10,21:03:14,-08:00,2025-01-10T21:03:14-08:00,0,45
contact/index.html,16,html,bc9ae4b3,kyradeng,2025-01-10,21:03:14,-08:00,2025-01-10T21:03:14-08:00,0,52
contact/index.html,17,html,bc9ae4b3,kyradeng,2025-01-10,21:03:14,-08:00,2025-01-10T21:03:14-08:00,0,5
contact/index.html,18,html,bc9ae4b3,kyradeng,2025-01-10,21:03:14,-08:00,2025-01-10T21:03:14-08:00,0,0
contact/index.html,19,html,bc9ae4b3,kyradeng,2025-01-10,21:03:14,-08:00,2025-01-10T21:03:14-08:00,0,4
contact/index.html,20,html,bc9ae4b3,kyradeng,2025-01-10,21:03:14,-08:00,2025-01-10T21:03:14-08:00,0,36
contact/index.html,21,html,bc9ae4b3,kyradeng,2025-01-10,21:03:14,-08:00,2025-01-10T21:03:14-08:00,0,55
contact/index.html,22,html,bc9ae4b3,kyradeng,2025-01-10,21:03:14,-08:00,2025-01-10T21:03:14-08:00,0,5
contact/index.html,23,html,bc9ae4b3,kyradeng,2025-01-10,21:03:14,-08:00,2025-01-10T21:03:14-08:00,0,0
contact/index.html,24,html,bc9ae4b3,kyradeng,2025-01-10,21:03:14,-08:00,2025-01-10T21:03:14-08:00,0,4
contact/index.html,25,html,bc9ae4b3,kyradeng,2025-01-10,21:03:14,-08:00,2025-01-10T21:03:14-08:00,0,33
contact/index.html,26,html,bc9ae4b3,kyradeng,2025-01-10,21:03:14,-08:00,2025-01-10T21:03:14-08:00,0,70
contact/index.html,27,html,bc9ae4b3,kyradeng,2025-01-10,21:03:14,-08:00,2025-01-10T21:03:14-08:00,0,5
contact/index.html,28,html,bc9ae4b3,kyradeng,2025-01-10,21:03:14,-08:00,2025-01-10T21:03:14-08:00,0,0
contact/index.html,29,html,bc9ae4b3,kyradeng,2025-01-10,21:03:14,-08:00,2025-01-10T21:03:14-08:00,0,4
contact/index.html,30,html,46ab3cd9,kyradeng,2025-01-16,19:57:23,-08:00,2025-01-16T19:57:23-08:00,0,28
contact/index.html,31,html,bc9ae4b3,kyradeng,2025-01-10,21:03:14,-08:00,2025-01-10T21:03:14-08:00,0,5
contact/index.html,32,html,bc9ae4b3,kyradeng,2025-01-10,21:03:14,-08:00,2025-01-10T21:03:14-08:00,0,6
contact/index.html,33,html,d0aa2f13,kyradeng,2025-01-24,00:39:36,-08:00,2025-01-24T00:39:36-08:00,0,0
contact/index.html,34,html,d2fe5882,kyradeng,2025-01-24,17:42:25,-08:00,2025-01-24T17:42:25-08:00,0,49
contact/index.html,35,html,d0aa2f13,kyradeng,2025-01-24,00:39:36,-08:00,2025-01-24T00:39:36-08:00,0,0
contact/index.html,36,html,d0aa2f13,kyradeng,2025-01-24,00:39:36,-08:00,2025-01-24T00:39:36-08:00,0,6
contact/index.html,37,html,bc9ae4b3,kyradeng,2025-01-10,21:03:14,-08:00,2025-01-10T21:03:14-08:00,0,6
